vehicle_id,region_id,start_time,end_time,cost,is_trusted
v04_000,55,17982,18000,8.6,False
v05_000,55,18000,21593,8.6,False
v05_000,52,21594,21600,8.6,False
v06_000,52,21600,21608,8.6,False
v06_000,52,21609,25200,8.6,False
v07_000,52,25200,28800,8.6,False
v08_000,52,28800,32400,8.6,False
v09_000,52,32400,36000,8.6,False
v10_000,52,36000,39600,8.6,False
v11_000,52,39600,43200,8.6,False
v12_000,52,43200,46800,8.6,False
v13_000,52,46800,50400,8.6,False
v14_000,52,50400,54000,8.6,False
v15_000,52,54000,57600,8.6,False
v16_000,52,57600,61200,8.6,False
v17_000,52,61200,64800,8.6,False
v18_000,52,64800,68400,8.6,False
v19_000,52,68400,72000,8.6,False
v20_000,52,72000,75600,8.6,False
v21_000,52,75600,78197,8.6,False
v21_000,53,78198,79200,8.6,False
v22_000,53,79200,82800,8.6,False
v23_000,53,82800,83601,8.6,False
v20_001,43,72274,72815,10.5,False
v13_002,56,47235,50400,14.4,True
v14_002,56,50400,54000,14.4,True
v15_002,56,54000,54600,14.4,True
v15_002,56,54601,54886,14.4,True
v15_002,69,54887,57600,14.4,True
v16_002,69,57600,61200,14.4,True
v17_002,69,61200,63133,14.4,True
v17_002,33,63134,64800,14.4,True
v18_002,33,64800,65027,14.4,True
v18_002,35,65028,68400,14.4,True
v19_002,35,68400,72000,14.4,True
v20_002,35,72000,75600,14.4,True
v21_002,35,75600,77750,14.4,True
v21_002,66,77751,79200,14.4,True
v22_002,66,79200,82775,14.4,True
v22_002,56,82776,82800,14.4,True
v23_002,56,82800,86385,14.4,True
v05_003,54,21316,21600,5.2,False
v06_003,54,21600,21601,5.2,False
v06_003,54,21602,25200,5.2,False
v07_003,54,25200,25490,5.2,False
v07_003,34,25491,25790,5.2,False
v07_003,23,25791,28800,5.2,False
v08_003,23,28800,32400,5.2,False
v09_003,23,32400,36000,5.2,False
v10_003,23,36000,38873,5.2,False
v10_003,64,38874,39600,5.2,False
v11_003,64,39600,43200,5.2,False
v12_003,64,43200,43208,5.2,False
v06_004,89,22495,25200,8.9,True
v07_004,89,25200,25329,8.9,True
v07_004,65,25330,28800,8.9,True
v08_004,65,28800,31980,8.9,True
v08_004,54,31981,32400,8.9,True
v09_004,54,32400,36000,8.9,True
v10_004,54,36000,39600,8.9,True
v11_004,54,39600,40285,8.9,True
v11_004,24,40286,40781,8.9,True
v11_004,10,40782,43200,8.9,True
v12_004,10,43200,43885,8.9,True
v12_004,10,43886,44314,8.9,True
v12_004,50,44315,44389,8.9,True
v12_004,60,44390,45687,8.9,True
v12_004,83,45688,46800,8.9,True
v13_004,83,46800,46977,8.9,True
v14_005,64,51302,54000,19.9,True
v15_005,64,54000,54046,19.9,True
v15_005,64,54047,55441,19.9,True
v15_005,62,55442,56151,19.9,True
v15_005,62,56152,57080,19.9,True
v15_005,20,57081,57600,19.9,True
v16_005,20,57600,59449,19.9,True
v16_005,23,59450,61200,19.9,True
v17_005,23,61200,64800,19.9,True
v18_005,23,64800,68400,19.9,True
v19_005,23,68400,72000,19.9,True
v20_005,23,72000,74795,19.9,True
v20_005,10,74796,75110,19.9,True
v20_005,23,75111,75600,19.9,True
v21_005,23,75600,79200,19.9,True
v22_005,23,79200,80731,19.9,True
v13_006,67,49688,50400,17.5,True
v14_006,67,50400,54000,17.5,True
v15_006,67,54000,55759,17.5,True
v15_006,73,55760,57600,17.5,True
v16_006,73,57600,61200,17.5,True
v17_006,73,61200,62350,17.5,True
v17_006,56,62351,64800,17.5,True
v18_006,56,64800,65560,17.5,True
v18_006,56,65561,68400,17.5,True
v19_006,56,68400,72000,17.5,True
v20_006,56,72000,75600,17.5,True
v21_006,56,75600,78841,17.5,True
v21_006,82,78842,79200,17.5,True
v22_006,82,79200,79210,17.5,True
v22_006,73,79211,81069,17.5,True
v22_006,33,81070,82800,17.5,True
v23_006,33,82800,84363,17.5,True
v08_007,45,31159,32400,14.6,True
v09_007,45,32400,36000,14.6,True
v10_007,45,36000,39600,14.6,True
v11_007,45,39600,42620,14.6,True
v11_007,56,42621,43200,14.6,True
v12_007,56,43200,43212,14.6,True
v04_008,47,16347,18000,14.5,False
v05_008,47,18000,18280,14.5,False
v05_008,44,18281,21600,14.5,False
v06_008,44,21600,25044,14.5,False
v06_008,54,25045,25200,14.5,False
v07_008,54,25200,28800,14.5,False
v08_008,54,28800,32400,14.5,False
v09_008,54,32400,32719,14.5,False
v09_008,11,32720,35346,14.5,False
v09_008,24,35347,36000,14.5,False
v10_008,24,36000,39600,14.5,False
v11_008,24,39600,43200,14.5,False
v12_008,24,43200,45342,14.5,False
v12_008,53,45343,46800,14.5,False
v13_008,53,46800,47649,14.5,False
v13_008,56,47650,48395,14.5,False
v08_009,46,32324,32400,12.8,False
v09_009,46,32400,36000,12.8,False
v10_009,46,36000,39600,12.8,False
v11_009,46,39600,41309,12.8,False
v11_009,45,41310,43200,12.8,False
v12_009,45,43200,45358,12.8,False
v01_010,44,3856,7200,15.1,True
v02_010,44,7200,8007,15.1,True
v02_010,36,8008,8037,15.1,True
v10_011,30,37740,37864,16.4,False
v10_011,31,37865,39475,16.4,False
v10_011,53,39476,39600,16.4,False
v11_011,53,39600,43200,16.4,False
v12_011,53,43200,44498,16.4,False
v12_011,54,44499,46800,16.4,False
v13_011,54,46800,48295,16.4,False
v05_012,54,21596,21600,9.5,True
v06_012,54,21600,24026,9.5,True
v06_012,54,24027,25200,9.5,True
v07_012,54,25200,27341,9.5,True
v07_012,12,27342,28800,9.5,True
v08_012,12,28800,29413,9.5,True
v08_012,23,29414,32400,9.5,True
v09_012,23,32400,36000,9.5,True
v10_012,23,36000,39600,9.5,True
v11_012,23,39600,43200,9.5,True
v12_012,23,43200,44155,9.5,True
v12_012,23,44156,44259,9.5,True
v12_012,23,44260,46800,9.5,True
v13_012,23,46800,49771,9.5,True
v13_012,64,49772,50400,9.5,True
v14_012,64,50400,50680,9.5,True
v05_013,2,18863,19027,18.0,True
v05_013,3,19028,19603,18.0,True
v05_013,34,19604,21600,18.0,True
v06_013,34,21600,24655,18.0,True
v06_013,54,24656,25200,18.0,True
v07_013,54,25200,28800,18.0,True
v08_013,54,28800,32400,18.0,True
v09_013,54,32400,36000,18.0,True
v10_013,54,36000,39600,18.0,True
v11_013,54,39600,41722,18.0,True
v11_013,64,41723,43200,18.0,True
v12_013,64,43200,44114,18.0,True
v12_013,55,44115,45388,18.0,True
v07_014,99,25322,28800,15.8,False
v08_014,99,28800,32400,15.8,False
v09_014,99,32400,32482,15.8,False
v09_014,76,32483,36000,15.8,False
v10_014,76,36000,39600,15.8,False
v11_014,76,39600,41333,15.8,False
v11_014,54,41334,43200,15.8,False
v12_014,54,43200,46800,15.8,False
v13_014,54,46800,47304,15.8,False
v13_014,65,47305,47453,15.8,False
v05_015,76,21587,21600,15.7,False
v06_015,76,21600,25200,15.7,False
v07_015,76,25200,28800,15.7,False
v08_015,76,28800,32400,15.7,False
v09_015,76,32400,34854,15.7,False
v09_015,75,34855,36000,15.7,False
v10_015,75,36000,39600,15.7,False
v11_015,75,39600,42315,15.7,False
v11_015,54,42316,43200,15.7,False
v12_015,54,43200,46201,15.7,False
v12_015,26,46202,46262,15.7,False
v12_015,26,46263,46800,15.7,False
v13_015,26,46800,48691,15.7,False
v13_015,44,48692,50400,15.7,False
v14_015,44,50400,54000,15.7,False
v15_015,44,54000,55010,15.7,False
v15_015,66,55011,55153,15.7,False
v15_015,66,55154,55704,15.7,False
v05_016,86,20292,21600,10.9,False
v06_016,86,21600,25200,10.9,False
v07_016,86,25200,28090,10.9,False
v07_016,75,28091,28800,10.9,False
v08_016,75,28800,31282,10.9,False
v08_016,22,31283,31533,10.9,False
v08_016,24,31534,32400,10.9,False
v09_016,24,32400,35034,10.9,False
v09_016,67,35035,36000,10.9,False
v10_016,67,36000,36367,10.9,False
v10_016,66,36368,36517,10.9,False
v10_016,66,36518,39600,10.9,False
v11_016,66,39600,43200,10.9,False
v12_016,66,43200,46800,10.9,False
v13_016,66,46800,50349,10.9,False
v13_016,43,50350,50400,10.9,False
v14_016,43,50400,51514,10.9,False
v14_016,55,51515,52428,10.9,False
v00_017,45,12,3600,11.7,False
v01_017,45,3600,7200,11.7,False
v02_017,45,7200,10800,11.7,False
v03_017,45,10800,12010,11.7,False
v03_017,76,12011,14400,11.7,False
v04_017,76,14400,14619,11.7,False
v04_017,75,14620,17863,11.7,False
v04_017,28,17864,18000,11.7,False
v05_017,28,18000,18478,11.7,False
v05_017,15,18479,21600,11.7,False
v06_017,15,21600,25200,11.7,False
v07_017,15,25200,28800,11.7,False
v08_017,15,28800,32400,11.7,False
v09_017,15,32400,36000,11.7,False
v10_017,15,36000,39600,11.7,False
v11_017,15,39600,43200,11.7,False
v12_017,15,43200,46800,11.7,False
v13_017,15,46800,50400,11.7,False
v14_017,15,50400,54000,11.7,False
v15_017,15,54000,57600,11.7,False
v16_017,15,57600,61200,11.7,False
v17_017,15,61200,64800,11.7,False
v18_017,15,64800,68400,11.7,False
v19_017,15,68400,72000,11.7,False
v20_017,15,72000,74588,11.7,False
v20_017,70,74589,74774,11.7,False
v20_017,60,74775,75600,11.7,False
v21_017,60,75600,76483,11.7,False
v01_018,54,3952,7200,18.2,True
v02_018,54,7200,9054,18.2,True
v02_018,24,9055,10074,18.2,True
v02_018,3,10075,10359,18.2,True
v02_018,7,10360,10704,18.2,True
v02_018,49,10705,10800,18.2,True
v03_018,49,10800,14400,18.2,True
v04_018,49,14400,18000,18.2,True
v05_018,49,18000,21600,18.2,True
v06_018,49,21600,25200,18.2,True
v07_018,49,25200,28800,18.2,True
v08_018,49,28800,32400,18.2,True
v09_018,49,32400,36000,18.2,True
v10_018,49,36000,39600,18.2,True
v11_018,49,39600,43200,18.2,True
v12_018,49,43200,46800,18.2,True
v13_018,49,46800,50400,18.2,True
v14_018,49,50400,54000,18.2,True
v15_018,49,54000,57600,18.2,True
v16_018,49,57600,59712,18.2,True
v16_018,66,59713,61200,18.2,True
v17_018,66,61200,64198,18.2,True
v17_018,54,64199,64800,18.2,True
v18_018,54,64800,68400,18.2,True
v19_018,54,68400,68460,18.2,True
v19_018,65,68461,68907,18.2,True
v19_018,55,68908,72000,18.2,True
v20_018,55,72000,72445,18.2,True
v20_018,42,72446,75600,18.2,True
v21_018,42,75600,76409,18.2,True
v00_019,55,3591,3600,7.0,True
v01_019,55,3600,7200,7.0,True
v02_019,55,7200,10800,7.0,True
v03_019,55,10800,14400,7.0,True
v04_019,55,14400,18000,7.0,True
v05_019,55,18000,21600,7.0,True
v06_019,55,21600,25200,7.0,True
v07_019,55,25200,28800,7.0,True
v08_019,55,28800,32400,7.0,True
v09_019,55,32400,36000,7.0,True
v10_019,55,36000,39600,7.0,True
v11_019,55,39600,43200,7.0,True
v12_019,55,43200,46800,7.0,True
v13_019,55,46800,50400,7.0,True
v14_019,55,50400,54000,7.0,True
v15_019,55,54000,57600,7.0,True
v16_019,55,57600,61200,7.0,True
v17_019,55,61200,64800,7.0,True
v18_019,55,64800,68400,7.0,True
v19_019,55,68400,68525,7.0,True
v19_019,52,68526,69930,7.0,True
v19_019,54,69931,72000,7.0,True
v20_019,54,72000,75600,7.0,True
v21_019,54,75600,79200,7.0,True
v22_019,54,79200,82800,7.0,True
v23_019,54,82800,82920,7.0,True
v01_020,53,4194,7200,19.5,True
v02_020,53,7200,8733,19.5,True
v02_020,53,8734,10800,19.5,True
v03_020,53,10800,14400,19.5,True
v04_020,53,14400,18000,19.5,True
v05_020,53,18000,21600,19.5,True
v06_020,53,21600,25200,19.5,True
v07_020,53,25200,28800,19.5,True
v08_020,53,28800,32400,19.5,True
v09_020,53,32400,36000,19.5,True
v10_020,53,36000,39600,19.5,True
v11_020,53,39600,43200,19.5,True
v12_020,53,43200,46800,19.5,True
v13_020,53,46800,50400,19.5,True
v14_020,53,50400,54000,19.5,True
v15_020,53,54000,57073,19.5,True
v15_020,61,57074,57600,19.5,True
v16_020,61,57600,57749,19.5,True
v16_020,62,57750,61200,19.5,True
v17_020,62,61200,64141,19.5,True
v17_020,54,64142,64800,19.5,True
v18_020,54,64800,68385,19.5,True
v18_020,55,68386,68400,19.5,True
v19_020,55,68400,72000,19.5,True
v20_020,55,72000,75600,19.5,True
v21_020,55,75600,76128,19.5,True
v21_020,63,76129,76660,19.5,True
v13_021,56,49813,50400,14.4,True
v14_021,56,50400,54000,14.4,True
v15_021,56,54000,56540,14.4,True
v15_021,64,56541,56962,14.4,True
v15_021,64,56963,57600,14.4,True
v16_021,64,57600,61200,14.4,True
v17_021,64,61200,64800,14.4,True
v18_021,64,64800,68400,14.4,True
v19_021,64,68400,71902,14.4,True
v19_021,54,71903,72000,14.4,True
v20_021,54,72000,75600,14.4,True
v21_021,54,75600,78541,14.4,True
v15_022,53,54209,56810,12.6,True
v15_022,34,56811,57122,12.6,True
v15_022,23,57123,57600,12.6,True
v16_022,23,57600,61200,12.6,True
v17_022,23,61200,64800,12.6,True
v18_022,23,64800,66397,12.6,True
v18_022,23,66398,68400,12.6,True
v19_022,23,68400,72000,12.6,True
v20_022,23,72000,72429,12.6,True
v09_023,45,33272,36000,10.3,False
v10_023,45,36000,36860,10.3,False
v10_023,34,36861,37579,10.3,False
v10_023,23,37580,39600,10.3,False
v11_023,23,39600,43200,10.3,False
v12_023,23,43200,46800,10.3,False
v13_023,23,46800,49850,10.3,False
v13_023,74,49851,50400,10.3,False
v14_023,74,50400,53527,10.3,False
v06_024,94,22496,25200,13.8,False
v07_024,94,25200,26066,13.8,False
v07_024,64,26067,28800,13.8,False
v08_024,64,28800,32400,13.8,False
v09_024,64,32400,33725,13.8,False
v09_024,52,33726,36000,13.8,False
v10_024,52,36000,39600,13.8,False
v11_024,52,39600,43200,13.8,False
v12_024,52,43200,43272,13.8,False
v12_024,65,43273,43421,13.8,False
v12_024,66,43422,46800,13.8,False
v13_024,66,46800,47744,13.8,False
v05_025,49,19227,20217,15.2,False
v05_025,56,20218,21600,15.2,False
v06_025,56,21600,25200,15.2,False
v07_025,56,25200,25241,15.2,False
v07_025,54,25242,28800,15.2,False
v08_025,54,28800,32400,15.2,False
v09_025,54,32400,36000,15.2,False
v10_025,54,36000,39600,15.2,False
v11_025,54,39600,43200,15.2,False
v12_025,54,43200,46800,15.2,False
v13_025,54,46800,50400,15.2,False
v14_025,54,50400,51995,15.2,False
v07_026,74,27378,28800,17.8,False
v08_026,74,28800,29209,17.8,False
v08_026,73,29210,30142,17.8,False
v08_026,63,30143,31407,17.8,False
v05_027,26,20570,20721,15.1,True
v05_027,35,20722,21600,15.1,True
v06_027,35,21600,22588,15.1,True
v06_027,72,22589,25200,15.1,True
v07_027,72,25200,25691,15.1,True
v07_027,54,25692,27375,15.1,True
v07_027,34,27376,27810,15.1,True
v07_027,12,27811,28800,15.1,True
v08_027,12,28800,32400,15.1,True
v09_027,12,32400,36000,15.1,True
v10_027,12,36000,39600,15.1,True
v11_027,12,39600,43200,15.1,True
v12_027,12,43200,46473,15.1,True
v16_028,64,59089,61200,17.9,False
v17_028,64,61200,62614,17.9,False
v17_028,65,62615,63123,17.9,False
v17_028,76,63124,64582,17.9,False
v17_028,69,64583,64800,17.9,False
v18_028,69,64800,64958,17.9,False
v18_028,56,64959,68400,17.9,False
v19_028,56,68400,70230,17.9,False
v19_028,52,70231,72000,17.9,False
v20_028,52,72000,75600,17.9,False
v21_028,52,75600,78828,17.9,False
v21_028,64,78829,79200,17.9,False
v22_028,64,79200,82800,17.9,False
v23_028,64,82800,83122,17.9,False
v14_029,53,51979,53909,18.6,False
v14_029,54,53910,54000,18.6,False
v15_029,54,54000,57600,18.6,False
v16_029,54,57600,57804,18.6,False
v16_029,73,57805,60444,18.6,False
v16_029,63,60445,61200,18.6,False
v17_029,63,61200,64800,18.6,False
v18_029,63,64800,67669,18.6,False
v00_030,55,2012,3600,15.7,True
v01_030,55,3600,5377,15.7,True
v02_031,5,7486,10800,17.5,False
v03_031,5,10800,10895,17.5,False
v03_031,63,10896,12200,17.5,False
v03_031,54,12201,13945,17.5,False
v03_031,62,13946,14400,17.5,False
v04_031,62,14400,18000,17.5,False
v05_031,62,18000,21600,17.5,False
v06_031,62,21600,25200,17.5,False
v07_031,62,25200,28800,17.5,False
v08_031,62,28800,32400,17.5,False
v09_031,62,32400,36000,17.5,False
v10_031,62,36000,39600,17.5,False
v11_031,62,39600,43200,17.5,False
v12_031,62,43200,46800,17.5,False
v13_031,62,46800,50400,17.5,False
v14_031,62,50400,51415,17.5,False
v14_031,13,51416,54000,17.5,False
v15_031,13,54000,55521,17.5,False
v15_031,54,55522,56295,17.5,False
v15_031,34,56296,57600,17.5,False
v16_031,34,57600,61200,17.5,False
v17_031,34,61200,64800,17.5,False
v18_031,34,64800,68400,17.5,False
v19_031,34,68400,72000,17.5,False
v20_031,34,72000,75600,17.5,False
v21_031,34,75600,78048,17.5,False
v21_031,13,78049,78125,17.5,False
v21_031,3,78126,79200,17.5,False
v22_031,3,79200,81256,17.5,False
v22_031,54,81257,82771,17.5,False
v07_032,54,26989,28800,9.3,True
v08_032,54,28800,28973,9.3,True
v06_033,72,23621,23635,17.8,False
v06_033,73,23636,25200,17.8,False
v07_033,73,25200,28800,17.8,False
v08_033,73,28800,31953,17.8,False
v08_033,55,31954,32400,17.8,False
v09_033,55,32400,36000,17.8,False
v10_033,55,36000,37630,17.8,False
v10_033,43,37631,39600,17.8,False
v11_033,43,39600,40064,17.8,False
v11_033,12,40065,42428,17.8,False
v11_033,23,42429,43200,17.8,False
v12_033,23,43200,43711,17.8,False
v12_033,34,43712,44550,17.8,False
v12_033,13,44551,46800,17.8,False
v13_033,13,46800,50400,17.8,False
v14_033,13,50400,54000,17.8,False
v15_033,13,54000,54147,17.8,False
v15_033,10,54148,54552,17.8,False
v00_034,2,16,124,6.3,False
v00_034,3,125,3600,6.3,False
v01_034,3,3600,3642,6.3,False
v01_034,27,3643,4926,6.3,False
v01_034,53,4927,5975,6.3,False
v01_034,30,5976,7200,6.3,False
v02_034,30,7200,7295,6.3,False
v14_035,55,53957,54000,11.2,True
v15_035,55,54000,57347,11.2,True
v21_036,54,79193,79200,9.4,False
v22_036,54,79200,82800,9.4,False
v23_036,54,82800,85856,9.4,False
v08_037,89,30703,31011,18.1,True
v08_037,96,31012,32400,18.1,True
v09_037,96,32400,34865,18.1,True
v09_037,64,34866,36000,18.1,True
v10_037,64,36000,39600,18.1,True
v11_037,64,39600,43200,18.1,True
v12_037,64,43200,46410,18.1,True
v12_037,64,46411,46800,18.1,True
v13_037,64,46800,48150,18.1,True
v00_038,73,218,2511,14.2,True
v00_038,44,2512,3600,14.2,True
v01_038,44,3600,7200,14.2,True
v02_038,44,7200,10800,14.2,True
v03_038,44,10800,14400,14.2,True
v04_038,44,14400,18000,14.2,True
v05_038,44,18000,21600,14.2,True
v06_038,44,21600,25200,14.2,True
v07_038,44,25200,28800,14.2,True
v08_038,44,28800,32400,14.2,True
v09_038,44,32400,36000,14.2,True
v10_038,44,36000,39600,14.2,True
v11_038,44,39600,43200,14.2,True
v12_038,44,43200,46800,14.2,True
v13_038,44,46800,50400,14.2,True
v14_038,44,50400,54000,14.2,True
v15_038,44,54000,57600,14.2,True
v16_038,44,57600,59275,14.2,True
v16_038,54,59276,61200,14.2,True
v17_038,54,61200,62227,14.2,True
v17_038,64,62228,64800,14.2,True
v18_038,64,64800,66845,14.2,True
v18_038,36,66846,67007,14.2,True
v18_038,26,67008,68400,14.2,True
v19_038,26,68400,70686,14.2,True
v19_038,54,70687,72000,14.2,True
v20_038,54,72000,75600,14.2,True
v21_038,54,75600,79200,14.2,True
v22_038,54,79200,80020,14.2,True
v06_039,22,24207,24384,15.8,True
v06_039,23,24385,25200,15.8,True
v07_039,23,25200,28800,15.8,True
v08_039,23,28800,32400,15.8,True
v09_039,23,32400,36000,15.8,True
v10_039,23,36000,39600,15.8,True
v11_039,23,39600,41269,15.8,True
v11_039,53,41270,41464,15.8,True
v11_039,53,41465,43200,15.8,True
v12_039,53,43200,44618,15.8,True
v12_039,54,44619,46800,15.8,True
v13_039,54,46800,47189,15.8,True
v13_039,34,47190,47627,15.8,True
v13_040,86,48541,50400,18.2,False
v14_040,86,50400,54000,18.2,False
v15_040,86,54000,57600,18.2,False
v16_040,86,57600,61200,18.2,False
v17_040,86,61200,64715,18.2,False
v17_040,54,64716,64800,18.2,False
v18_040,54,64800,68400,18.2,False
v19_040,54,68400,72000,18.2,False
v20_040,54,72000,72616,18.2,False
v20_040,53,72617,74421,18.2,False
v20_040,63,74422,74540,18.2,False
v14_041,18,50683,50807,12.6,False
v14_041,6,50808,51289,12.6,False
v14_041,10,51290,54000,12.6,False
v15_041,10,54000,57600,12.6,False
v16_041,10,57600,61200,12.6,False
v17_041,10,61200,64414,12.6,False
v17_041,54,64415,64800,12.6,False
v18_041,54,64800,67625,12.6,False
v06_042,65,22935,24829,9.6,True
v06_043,33,23847,25200,14.0,True
v07_043,33,25200,28800,14.0,True
v08_043,33,28800,32400,14.0,True
v09_043,33,32400,33098,14.0,True
v09_043,54,33099,36000,14.0,True
v10_043,54,36000,38955,14.0,True
v10_043,63,38956,39600,14.0,True
v11_043,63,39600,39992,14.0,True
v11_043,71,39993,40682,14.0,True
v11_043,63,40683,43200,14.0,True
v12_043,63,43200,46800,14.0,True
v13_043,63,46800,49152,14.0,True
v06_044,53,24341,25200,8.0,True
v07_044,53,25200,28800,8.0,True
v08_044,53,28800,29126,8.0,True
v08_044,64,29127,32400,8.0,True
v09_044,64,32400,36000,8.0,True
v10_044,64,36000,36149,8.0,True
v10_044,73,36150,36901,8.0,True
v10_044,73,36902,39600,8.0,True
v11_044,73,39600,43200,8.0,True
v12_044,73,43200,46800,8.0,True
v13_044,73,46800,47109,8.0,True
v13_044,53,47110,50400,8.0,True
v14_044,53,50400,53902,8.0,True
v01_045,10,5980,6811,14.2,True
v01_045,53,6812,7200,14.2,True
v02_045,53,7200,8364,14.2,True
v02_045,43,8365,10800,14.2,True
v03_045,43,10800,12067,14.2,True
v03_045,64,12068,14400,14.2,True
v04_045,64,14400,18000,14.2,True
v05_045,64,18000,19129,14.2,True
v05_045,23,19130,21068,14.2,True
v05_045,80,21069,21600,14.2,True
v06_045,80,21600,21614,14.2,True
v06_045,94,21615,25200,14.2,True
v07_045,94,25200,28800,14.2,True
v08_045,94,28800,32400,14.2,True
v09_045,94,32400,36000,14.2,True
v10_045,94,36000,39600,14.2,True
v11_045,94,39600,43200,14.2,True
v12_045,94,43200,46800,14.2,True
v13_045,94,46800,50400,14.2,True
v14_045,94,50400,54000,14.2,True
v15_045,94,54000,57600,14.2,True
v16_045,94,57600,61200,14.2,True
v17_045,94,61200,64800,14.2,True
v18_045,94,64800,68400,14.2,True
v19_045,94,68400,70573,14.2,True
v19_045,94,70574,72000,14.2,True
v20_045,94,72000,72412,14.2,True
v20_045,64,72413,75600,14.2,True
v21_045,64,75600,79200,14.2,True
v22_045,64,79200,82800,14.2,True
v23_045,64,82800,83333,14.2,True
v23_045,46,83334,85545,14.2,True
v23_045,33,85546,85606,14.2,True
v00_046,65,2593,3600,5.6,False
v01_046,65,3600,4800,5.6,False
v01_046,34,4801,7200,5.6,False
v02_046,34,7200,10208,5.6,False
v02_046,52,10209,10800,5.6,False
v03_046,52,10800,14400,5.6,False
v04_046,52,14400,16863,5.6,False
v04_046,23,16864,17105,5.6,False
v04_046,11,17106,18000,5.6,False
v05_046,11,18000,21600,5.6,False
v06_046,11,21600,25200,5.6,False
v07_046,11,25200,28800,5.6,False
v08_046,11,28800,32400,5.6,False
v09_046,11,32400,36000,5.6,False
v10_046,11,36000,39600,5.6,False
v11_046,11,39600,43200,5.6,False
v12_046,11,43200,46800,5.6,False
v13_046,11,46800,50400,5.6,False
v14_046,11,50400,54000,5.6,False
v15_046,11,54000,57600,5.6,False
v16_046,11,57600,61200,5.6,False
v17_046,11,61200,64800,5.6,False
v18_046,11,64800,68400,5.6,False
v19_046,11,68400,72000,5.6,False
v20_046,11,72000,74799,5.6,False
v20_046,43,74800,75600,5.6,False
v21_046,43,75600,76695,5.6,False
v21_046,43,76696,79200,5.6,False
v22_046,43,79200,82396,5.6,False
v07_047,54,26146,28800,9.7,False
v08_047,54,28800,32400,9.7,False
v09_047,54,32400,36000,9.7,False
v10_047,54,36000,38567,9.7,False
v10_047,63,38568,39600,9.7,False
v11_047,63,39600,43200,9.7,False
v12_047,63,43200,46800,9.7,False
v13_047,63,46800,47054,9.7,False
v13_047,54,47055,50186,9.7,False
v06_048,64,21687,25200,18.4,True
v07_048,64,25200,28800,18.4,True
v08_048,64,28800,32400,18.4,True
v09_048,64,32400,36000,18.4,True
v10_048,64,36000,39518,18.4,True
v10_048,33,39519,39600,18.4,True
v11_048,33,39600,39686,18.4,True
v11_048,33,39687,43200,18.4,True
v12_048,33,43200,46800,18.4,True
v13_048,33,46800,50400,18.4,True
v14_048,33,50400,52486,18.4,True
v14_048,64,52487,52681,18.4,True
v14_049,53,51000,54000,11.9,False
v15_049,53,54000,55367,11.9,False
v15_049,55,55368,57600,11.9,False
v16_049,55,57600,61200,11.9,False
v17_049,55,61200,64525,11.9,False
v17_049,24,64526,64800,11.9,False
v18_049,24,64800,64810,11.9,False
v18_049,23,64811,68400,11.9,False
v19_049,23,68400,71715,11.9,False
v09_050,54,32770,36000,14.7,False
v10_050,54,36000,39600,14.7,False
v11_050,54,39600,39721,14.7,False
v11_050,64,39722,43200,14.7,False
v12_050,64,43200,46184,14.7,False
v12_050,64,46185,46800,14.7,False
v13_050,64,46800,47732,14.7,False
v00_051,54,183,3600,13.4,False
v01_051,54,3600,7200,13.4,False
v02_051,54,7200,10800,13.4,False
v03_051,54,10800,14400,13.4,False
v04_051,54,14400,18000,13.4,False
v05_051,54,18000,21600,13.4,False
v06_051,54,21600,25200,13.4,False
v07_051,54,25200,28800,13.4,False
v08_051,54,28800,32400,13.4,False
v09_051,54,32400,36000,13.4,False
v10_051,54,36000,39600,13.4,False
v11_051,54,39600,43200,13.4,False
v12_051,54,43200,46800,13.4,False
v13_051,54,46800,50400,13.4,False
v14_051,54,50400,54000,13.4,False
v15_051,54,54000,57600,13.4,False
v16_051,54,57600,61200,13.4,False
v17_051,54,61200,64800,13.4,False
v18_051,54,64800,68400,13.4,False
v19_051,54,68400,72000,13.4,False
v20_051,54,72000,75600,13.4,False
v21_051,54,75600,79200,13.4,False
v22_051,54,79200,82800,13.4,False
v23_051,54,82800,82833,13.4,False
v23_051,30,82834,82953,13.4,False
v23_051,40,82954,85198,13.4,False
v04_052,52,17292,18000,19.1,False
v05_052,52,18000,20421,19.1,False
v05_052,54,20422,21600,19.1,False
v06_052,54,21600,25200,19.1,False
v07_052,54,25200,28800,19.1,False
v08_052,54,28800,29200,19.1,False
v08_052,11,29201,29436,19.1,False
v08_052,23,29437,32400,19.1,False
v09_052,23,32400,36000,19.1,False
v10_052,23,36000,38988,19.1,False
v10_052,54,38989,39600,19.1,False
v11_052,54,39600,43200,19.1,False
v12_052,54,43200,46800,19.1,False
v13_052,54,46800,48178,19.1,False
v05_053,45,21290,21600,11.5,False
v06_053,45,21600,25200,11.5,False
v07_053,45,25200,27559,11.5,False
v07_053,23,27560,27667,11.5,False
v07_053,22,27668,28800,11.5,False
v08_053,22,28800,32400,11.5,False
v09_053,22,32400,36000,11.5,False
v10_053,22,36000,37199,11.5,False
v10_053,53,37200,39600,11.5,False
v11_053,53,39600,40455,11.5,False
v11_053,33,40456,43200,11.5,False
v12_053,33,43200,43860,11.5,False
v12_053,10,43861,44310,11.5,False
v12_053,41,44311,44985,11.5,False
v12_053,53,44986,46800,11.5,False
v13_053,53,46800,50400,11.5,False
v14_053,53,50400,51784,11.5,False
v07_054,54,28015,28800,8.6,True
v08_054,54,28800,32400,8.6,True
v09_054,54,32400,36000,8.6,True
v10_054,54,36000,39600,8.6,True
v11_054,54,39600,43200,8.6,True
v12_054,54,43200,46800,8.6,True
v13_054,54,46800,48705,8.6,True
v00_055,34,25,1072,19.7,False
v00_055,44,1073,2000,19.7,False
v00_055,66,2001,2460,19.7,False
v00_055,66,2461,2703,19.7,False
v00_055,67,2704,3600,19.7,False
v01_055,67,3600,7200,19.7,False
v02_055,67,7200,10800,19.7,False
v03_055,67,10800,14400,19.7,False
v04_055,67,14400,18000,19.7,False
v05_055,67,18000,21600,19.7,False
v06_055,67,21600,25200,19.7,False
v07_055,67,25200,28800,19.7,False
v08_055,67,28800,32400,19.7,False
v09_055,67,32400,36000,19.7,False
v10_055,67,36000,39600,19.7,False
v11_055,67,39600,43200,19.7,False
v12_055,67,43200,46800,19.7,False
v13_055,67,46800,50400,19.7,False
v14_055,67,50400,54000,19.7,False
v15_055,67,54000,57600,19.7,False
v16_055,67,57600,58959,19.7,False
v16_055,29,58960,61148,19.7,False
v16_055,36,61149,61200,19.7,False
v17_055,36,61200,61773,19.7,False
v17_055,44,61774,64800,19.7,False
v18_055,44,64800,68320,19.7,False
v18_055,54,68321,68400,19.7,False
v19_055,54,68400,72000,19.7,False
v20_055,54,72000,75600,19.7,False
v21_055,54,75600,79200,19.7,False
v22_055,54,79200,82025,19.7,False
v13_056,62,47142,47637,13.2,True
v13_056,73,47638,50400,13.2,True
v14_056,73,50400,51934,13.2,True
v14_056,52,51935,53643,13.2,True
v14_056,24,53644,54000,13.2,True
v15_056,24,54000,57600,13.2,True
v16_056,24,57600,61026,13.2,True
v16_056,53,61027,61200,13.2,True
v17_056,53,61200,64800,13.2,True
v18_056,53,64800,65296,13.2,True
v00_057,65,935,3600,11.2,False
v01_057,65,3600,5253,11.2,False
v01_057,54,5254,6557,11.2,False
v01_057,57,6558,7200,11.2,False
v02_057,57,7200,9497,11.2,False
v02_057,52,9498,10300,11.2,False
v02_057,10,10301,10800,11.2,False
v03_057,10,10800,14400,11.2,False
v04_057,10,14400,18000,11.2,False
v05_057,10,18000,21600,11.2,False
v06_057,10,21600,25200,11.2,False
v07_057,10,25200,28800,11.2,False
v08_057,10,28800,32400,11.2,False
v09_057,10,32400,36000,11.2,False
v10_057,10,36000,39600,11.2,False
v11_057,10,39600,43200,11.2,False
v12_057,10,43200,46800,11.2,False
v13_057,10,46800,50400,11.2,False
v14_057,10,50400,54000,11.2,False
v15_057,10,54000,57600,11.2,False
v16_057,10,57600,57764,11.2,False
v16_057,11,57765,58079,11.2,False
v16_057,23,58080,61200,11.2,False
v17_057,23,61200,61814,11.2,False
v17_057,53,61815,62744,11.2,False
v17_057,53,62745,64322,11.2,False
v17_057,66,64323,64800,11.2,False
v18_057,66,64800,64822,11.2,False
v18_057,76,64823,68400,11.2,False
v19_057,76,68400,69619,11.2,False
v19_057,54,69620,72000,11.2,False
v20_057,54,72000,75600,11.2,False
v21_057,54,75600,78490,11.2,False
v21_057,59,78491,78699,11.2,False
v21_057,38,78700,79200,11.2,False
v22_057,38,79200,82436,11.2,False
v22_057,26,82437,82800,11.2,False
v23_057,26,82800,85670,11.2,False
v23_057,63,85671,86390,11.2,False
v05_058,54,19759,21600,5.3,False
v06_058,54,21600,25200,5.3,False
v07_058,54,25200,28800,5.3,False
v08_058,54,28800,29917,5.3,False
v08_058,66,29918,32337,5.3,False
v08_058,54,32338,32400,5.3,False
v09_058,54,32400,34168,5.3,False
v09_058,8,34169,36000,5.3,False
v10_058,8,36000,38268,5.3,False
v08_059,84,30339,31672,14.5,True
v08_059,82,31673,32152,14.5,True
v08_059,60,32153,32400,14.5,True
v09_059,60,32400,34748,14.5,True
v09_059,11,34749,36000,14.5,True
v10_059,11,36000,39600,14.5,True
v11_059,11,39600,40517,14.5,True
v11_059,54,40518,42108,14.5,True
v11_059,24,42109,43200,14.5,True
v12_059,24,43200,46800,14.5,True
v13_059,24,46800,48261,14.5,True
v13_059,11,48262,48610,14.5,True
v13_059,24,48611,50400,14.5,True
v14_059,24,50400,52929,14.5,True
v05_060,36,19613,21458,14.4,True
v05_060,54,21459,21600,14.4,True
v06_060,54,21600,25200,14.4,True
v07_060,54,25200,25358,14.4,True
v07_060,54,25359,28058,14.4,True
v07_060,46,28059,28800,14.4,True
v08_060,46,28800,32400,14.4,True
v09_060,46,32400,36000,14.4,True
v10_060,46,36000,39600,14.4,True
v11_060,46,39600,43200,14.4,True
v12_060,46,43200,43601,14.4,True
v12_060,24,43602,45356,14.4,True
v12_060,10,45357,46800,14.4,True
v13_060,10,46800,49093,14.4,True
v13_060,26,49094,49533,14.4,True
v13_061,36,47018,50190,15.2,True
v13_061,54,50191,50400,15.2,True
v14_061,54,50400,54000,15.2,True
v15_061,54,54000,57600,15.2,True
v16_061,54,57600,61200,15.2,True
v17_061,54,61200,61991,15.2,True
v17_061,64,61992,64800,15.2,True
v18_061,64,64800,68400,15.2,True
v19_061,64,68400,69956,15.2,True
v19_061,11,69957,70601,15.2,True
v19_061,34,70602,72000,15.2,True
v20_061,34,72000,73411,15.2,True
v05_062,65,20465,21410,15.6,False
v05_062,54,21411,21600,15.6,False
v06_062,54,21600,25200,15.6,False
v07_062,54,25200,28800,15.6,False
v08_062,54,28800,30246,15.6,False
v08_062,54,30247,32400,15.6,False
v09_062,54,32400,33193,15.6,False
v09_062,24,33194,36000,15.6,False
v10_062,24,36000,39475,15.6,False
v10_062,13,39476,39600,15.6,False
v11_062,13,39600,43200,15.6,False
v12_062,13,43200,45390,15.6,False
v05_063,55,20882,21600,5.3,True
v06_063,55,21600,21694,5.3,True
v06_063,55,21695,25200,5.3,True
v07_063,55,25200,25860,5.3,True
v07_063,23,25861,26173,5.3,True
v07_063,10,26174,28800,5.3,True
v08_063,10,28800,32400,5.3,True
v09_063,10,32400,36000,5.3,True
v10_063,10,36000,39600,5.3,True
v11_063,10,39600,43200,5.3,True
v12_063,10,43200,43489,5.3,True
v12_063,64,43490,45724,5.3,True
v02_064,54,7841,10036,15.1,False
v02_064,66,10037,10231,15.1,False
v14_065,47,50893,52554,8.8,True
v14_065,65,52555,54000,8.8,True
v15_065,65,54000,57600,8.8,True
v16_065,65,57600,59672,8.8,True
v16_065,54,59673,61200,8.8,True
v17_065,54,61200,62431,8.8,True
v17_065,62,62432,64800,8.8,True
v18_065,62,64800,68400,8.8,True
v19_065,62,68400,72000,8.8,True
v20_065,62,72000,75600,8.8,True
v21_065,62,75600,75691,8.8,True
v21_065,53,75692,79200,8.8,True
v22_065,53,79200,79831,8.8,True
v22_065,53,79832,82126,8.8,True
v14_066,34,53082,54000,13.9,True
v15_066,34,54000,54384,13.9,True
v15_066,43,54385,57600,13.9,True
v16_066,43,57600,59376,13.9,True
v16_066,53,59377,59672,13.9,True
v16_066,63,59673,61200,13.9,True
v17_066,63,61200,64800,13.9,True
v18_066,63,64800,68400,13.9,True
v19_066,63,68400,71882,13.9,True
v19_066,64,71883,72000,13.9,True
v20_066,64,72000,75600,13.9,True
v21_066,64,75600,76695,13.9,True
v21_066,63,76696,78454,13.9,True
v07_067,10,28191,28800,10.5,True
v08_067,10,28800,29775,10.5,True
v08_067,33,29776,32400,10.5,True
v09_067,33,32400,36000,10.5,True
v10_067,33,36000,36829,10.5,True
v10_067,55,36830,39600,10.5,True
v11_067,55,39600,43200,10.5,True
v12_067,55,43200,46800,10.5,True
v13_067,55,46800,48345,10.5,True
v13_067,63,48346,49620,10.5,True
v05_068,54,21393,21600,10.5,False
v06_068,54,21600,24324,10.5,False
v06_068,54,24325,25200,10.5,False
v07_068,54,25200,28800,10.5,False
v08_068,54,28800,32400,10.5,False
v09_068,54,32400,34077,10.5,False
v09_068,23,34078,36000,10.5,False
v10_068,23,36000,39600,10.5,False
v11_068,23,39600,43195,10.5,False
v11_068,22,43196,43200,10.5,False
v12_068,22,43200,43212,10.5,False
v12_068,22,43213,43390,10.5,False
v12_068,23,43391,46800,10.5,False
v13_068,23,46800,46935,10.5,False
v13_068,34,46936,47983,10.5,False
v13_068,37,47984,48890,10.5,False
v08_069,3,30593,32400,9.5,True
v09_069,3,32400,33037,9.5,True
v09_069,3,33038,36000,9.5,True
v10_069,3,36000,36129,9.5,True
v10_069,45,36130,39600,9.5,True
v11_069,45,39600,43200,9.5,True
v12_069,45,43200,46398,9.5,True
v12_069,34,46399,46800,9.5,True
v13_069,34,46800,46816,9.5,True
v15_070,54,54062,54872,16.6,True
v15_070,53,54873,57600,16.6,True
v16_070,53,57600,61200,16.6,True
v17_070,53,61200,63405,16.6,True
v17_070,64,63406,64800,16.6,True
v18_070,64,64800,64815,16.6,True
v20_071,54,74012,75600,13.5,False
v21_071,54,75600,76826,13.5,False
v21_071,24,76827,77173,13.5,False
v00_072,54,1793,3600,9.7,True
v01_072,54,3600,7200,9.7,True
v02_072,54,7200,10800,9.7,True
v03_072,54,10800,14400,9.7,True
v04_072,54,14400,18000,9.7,True
v05_072,54,18000,21600,9.7,True
v06_072,54,21600,25200,9.7,True
v07_072,54,25200,28800,9.7,True
v08_072,54,28800,32400,9.7,True
v09_072,54,32400,36000,9.7,True
v10_072,54,36000,39600,9.7,True
v11_072,54,39600,43200,9.7,True
v12_072,54,43200,46800,9.7,True
v13_072,54,46800,50400,9.7,True
v14_072,54,50400,54000,9.7,True
v15_072,54,54000,57600,9.7,True
v16_072,54,57600,59567,9.7,True
v16_072,54,59568,61200,9.7,True
v17_072,54,61200,64800,9.7,True
v18_072,54,64800,65153,9.7,True
v18_072,63,65154,68400,9.7,True
v19_072,63,68400,72000,9.7,True
v20_072,63,72000,74870,9.7,True
v20_072,34,74871,75215,9.7,True
v20_072,23,75216,75600,9.7,True
v21_072,23,75600,79200,9.7,True
v22_072,23,79200,82800,9.7,True
v23_072,23,82800,84933,9.7,True
v23_072,55,84934,85876,9.7,True
v00_073,55,2884,3600,17.1,True
v01_073,55,3600,7200,17.1,True
v02_073,55,7200,10800,17.1,True
v03_073,55,10800,14400,17.1,True
v04_073,55,14400,18000,17.1,True
v05_073,55,18000,21600,17.1,True
v06_073,55,21600,25200,17.1,True
v07_073,55,25200,28800,17.1,True
v08_073,55,28800,32400,17.1,True
v09_073,55,32400,36000,17.1,True
v10_073,55,36000,39600,17.1,True
v11_073,55,39600,43200,17.1,True
v12_073,55,43200,46800,17.1,True
v13_073,55,46800,50400,17.1,True
v14_073,55,50400,54000,17.1,True
v15_073,55,54000,57188,17.1,True
v15_073,57,57189,57600,17.1,True
v16_073,57,57600,61200,17.1,True
v17_073,57,61200,61300,17.1,True
v17_073,56,61301,64800,17.1,True
v18_073,56,64800,68271,17.1,True
v18_073,53,68272,68400,17.1,True
v19_073,53,68400,69038,17.1,True
v19_073,52,69039,72000,17.1,True
v20_073,52,72000,75600,17.1,True
v21_073,52,75600,79200,17.1,True
v22_073,52,79200,82800,17.1,True
v23_073,52,82800,85913,17.1,True
v00_074,43,2938,2968,7.8,True
v00_074,43,2969,3600,7.8,True
v01_074,43,3600,7200,7.8,True
v02_074,43,7200,10800,7.8,True
v03_074,43,10800,14400,7.8,True
v04_074,43,14400,18000,7.8,True
v05_074,43,18000,21600,7.8,True
v06_074,43,21600,25200,7.8,True
v07_074,43,25200,28800,7.8,True
v08_074,43,28800,32400,7.8,True
v09_074,43,32400,36000,7.8,True
v10_074,43,36000,39600,7.8,True
v11_074,43,39600,43200,7.8,True
v12_074,43,43200,46800,7.8,True
v13_074,43,46800,50400,7.8,True
v14_074,43,50400,54000,7.8,True
v15_074,43,54000,57600,7.8,True
v16_074,43,57600,57684,7.8,True
v16_074,67,57685,60253,7.8,True
v16_074,54,60254,61200,7.8,True
v17_074,54,61200,64800,7.8,True
v18_074,54,64800,65366,7.8,True
v18_074,44,65367,68400,7.8,True
v19_074,44,68400,72000,7.8,True
v20_074,44,72000,74822,7.8,True
v20_074,64,74823,75600,7.8,True
v21_074,64,75600,79200,7.8,True
v22_074,64,79200,82722,7.8,True
v22_074,73,82723,82800,7.8,True
v23_074,73,82800,83422,7.8,True
v11_075,76,39600,43079,15.5,True
v11_075,55,43080,43200,15.5,True
v12_075,55,43200,44769,15.5,True
v12_075,63,44770,46800,15.5,True
v13_075,63,46800,50400,15.5,True
v14_075,63,50400,51066,15.5,True
v14_075,72,51067,51364,15.5,True
v14_076,24,50476,54000,9.8,True
v15_076,24,54000,57600,9.8,True
v16_076,24,57600,61200,9.8,True
v17_076,24,61200,61389,9.8,True
v17_076,10,61390,63947,9.8,True
v17_076,54,63948,64663,9.8,True
v17_076,63,64664,64800,9.8,True
v18_076,63,64800,64805,9.8,True
v18_076,63,64806,65748,9.8,True
v18_076,63,65749,66285,9.8,True
v13_077,49,49536,50400,17.5,True
v14_077,49,50400,54000,17.5,True
v15_077,49,54000,55042,17.5,True
v15_077,45,55043,57600,17.5,True
v16_077,45,57600,61200,17.5,True
v17_077,45,61200,64800,17.5,True
v18_077,45,64800,65809,17.5,True
v18_077,34,65810,66422,17.5,True
v18_077,12,66423,68400,17.5,True
v19_077,12,68400,69555,17.5,True
v01_078,63,4006,5503,17.8,True
v01_078,53,5504,5774,17.8,True
v01_078,53,5775,7200,17.8,True
v02_078,53,7200,10800,17.8,True
v03_078,53,10800,14400,17.8,True
v04_078,53,14400,18000,17.8,True
v05_078,53,18000,21600,17.8,True
v06_078,53,21600,25200,17.8,True
v07_078,53,25200,28800,17.8,True
v08_078,53,28800,32400,17.8,True
v09_078,53,32400,36000,17.8,True
v10_078,53,36000,39600,17.8,True
v11_078,53,39600,43200,17.8,True
v12_078,53,43200,46800,17.8,True
v13_078,53,46800,50400,17.8,True
v14_078,53,50400,54000,17.8,True
v15_078,53,54000,57600,17.8,True
v16_078,53,57600,59221,17.8,True
v16_078,62,59222,59281,17.8,True
v16_078,62,59282,61200,17.8,True
v17_078,62,61200,64002,17.8,True
v17_078,54,64003,64800,17.8,True
v18_078,54,64800,68400,17.8,True
v19_078,54,68400,68600,17.8,True
v19_078,54,68601,72000,17.8,True
v20_078,54,72000,75600,17.8,True
v21_078,54,75600,79200,17.8,True
v22_078,54,79200,79292,17.8,True
v22_078,76,79293,79307,17.8,True
v22_078,76,79308,82800,17.8,True
v23_078,76,82800,84330,17.8,True
v00_079,54,576,2357,10.1,False
v00_079,64,2358,3600,10.1,False
v01_079,64,3600,7200,10.1,False
v02_079,64,7200,10800,10.1,False
v03_079,64,10800,14400,10.1,False
v04_079,64,14400,18000,10.1,False
v05_079,64,18000,21600,10.1,False
v06_079,64,21600,25200,10.1,False
v07_079,64,25200,28800,10.1,False
v08_079,64,28800,32400,10.1,False
v09_079,64,32400,36000,10.1,False
v10_079,64,36000,39600,10.1,False
v11_079,64,39600,43200,10.1,False
v12_079,64,43200,46800,10.1,False
v13_079,64,46800,50400,10.1,False
v14_079,64,50400,54000,10.1,False
v15_079,64,54000,57600,10.1,False
v16_079,64,57600,61200,10.1,False
v17_079,64,61200,64800,10.1,False
v18_079,64,64800,68400,10.1,False
v19_079,64,68400,72000,10.1,False
v20_079,64,72000,75600,10.1,False
v21_079,64,75600,79200,10.1,False
v22_079,64,79200,79477,10.1,False
v22_079,24,79478,82175,10.1,False
v15_080,54,54428,57600,18.3,True
v16_080,54,57600,61200,18.3,True
v17_080,54,61200,64800,18.3,True
v18_080,54,64800,65619,18.3,True
v18_080,63,65620,68400,18.3,True
v19_080,63,68400,72000,18.3,True
v20_080,63,72000,72368,18.3,True
v20_080,65,72369,73737,18.3,True
v00_081,38,122,496,8.4,True
v00_081,37,497,3600,8.4,True
v01_081,37,3600,7200,8.4,True
v02_081,37,7200,9357,8.4,True
v02_081,33,9358,9507,8.4,True
v01_082,54,3601,7200,12.9,True
v02_082,54,7200,10800,12.9,True
v03_082,54,10800,11220,12.9,True
v03_082,57,11221,14400,12.9,True
v04_082,57,14400,14489,12.9,True
v04_082,52,14490,16016,12.9,True
v04_082,63,16017,16840,12.9,True
v00_083,43,3300,3600,17.1,False
v01_083,43,3600,7200,17.1,False
v02_083,43,7200,8517,17.1,False
v02_083,53,8518,9207,17.1,False
v00_084,55,2874,3600,7.8,True
v01_084,55,3600,7200,7.8,True
v02_084,55,7200,10800,7.8,True
v03_084,55,10800,14400,7.8,True
v04_084,55,14400,18000,7.8,True
v05_084,55,18000,21600,7.8,True
v06_084,55,21600,25200,7.8,True
v07_084,55,25200,28800,7.8,True
v08_084,55,28800,32400,7.8,True
v09_084,55,32400,36000,7.8,True
v10_084,55,36000,39600,7.8,True
v11_084,55,39600,43200,7.8,True
v12_084,55,43200,46800,7.8,True
v13_084,55,46800,50400,7.8,True
v14_084,55,50400,54000,7.8,True
v15_084,55,54000,57600,7.8,True
v16_084,55,57600,58822,7.8,True
v16_084,86,58823,61200,7.8,True
v17_084,86,61200,62408,7.8,True
v17_084,76,62409,64800,7.8,True
v18_084,76,64800,68400,7.8,True
v19_084,76,68400,70783,7.8,True
v19_084,24,70784,72000,7.8,True
v20_084,24,72000,75600,7.8,True
v21_084,24,75600,78959,7.8,True
v21_084,44,78960,79200,7.8,True
v22_084,44,79200,80648,7.8,True
v22_084,53,80649,82800,7.8,True
v23_084,53,82800,86102,7.8,True
v13_085,36,48871,48886,17.1,False
v13_085,36,48887,50400,17.1,False
v14_085,36,50400,50885,17.1,False
v14_085,54,50886,54000,17.1,False
v15_085,54,54000,57600,17.1,False
v16_085,54,57600,61200,17.1,False
v17_085,54,61200,61454,17.1,False
v17_085,66,61455,64800,17.1,False
v18_085,66,64800,68400,17.1,False
v19_085,66,68400,72000,17.1,False
v20_085,66,72000,75600,17.1,False
v21_085,66,75600,75843,17.1,False
v21_085,53,75844,77059,17.1,False
v21_085,63,77060,77939,17.1,False
v21_085,73,77940,79200,17.1,False
v22_085,73,79200,82800,17.1,False
v23_085,73,82800,86347,17.1,False
v08_086,8,31588,32400,17.1,True
v09_086,8,32400,33258,17.1,True
v09_086,36,33259,33318,17.1,True
v09_086,46,33319,36000,17.1,True
v10_086,46,36000,39600,17.1,True
v11_086,46,39600,39950,17.1,True
v11_086,24,39951,43200,17.1,True
v12_086,24,43200,43579,17.1,True
v00_087,83,102,2350,6.9,True
v00_088,54,3386,3600,16.9,True
v01_088,54,3600,7200,16.9,True
v02_088,54,7200,10800,16.9,True
v03_088,54,10800,11397,16.9,True
v03_088,62,11398,11502,16.9,True
v03_088,62,11503,13453,16.9,True
v03_088,24,13454,13663,16.9,True
v03_088,23,13664,14400,16.9,True
v04_088,23,14400,18000,16.9,True
v05_088,23,18000,21600,16.9,True
v06_088,23,21600,25200,16.9,True
v07_088,23,25200,28800,16.9,True
v08_088,23,28800,32400,16.9,True
v09_088,23,32400,36000,16.9,True
v10_088,23,36000,39600,16.9,True
v11_088,23,39600,43200,16.9,True
v12_088,23,43200,46800,16.9,True
v13_088,23,46800,50400,16.9,True
v14_088,23,50400,54000,16.9,True
v15_088,23,54000,57600,16.9,True
v16_088,23,57600,61200,16.9,True
v17_088,23,61200,64800,16.9,True
v18_088,23,64800,68400,16.9,True
v19_088,23,68400,72000,16.9,True
v20_088,23,72000,73021,16.9,True
v20_088,79,73022,73587,16.9,True
v20_088,67,73588,75600,16.9,True
v21_088,67,75600,78621,16.9,True
v21_088,54,78622,79200,16.9,True
v22_088,54,79200,80134,16.9,True
v06_089,76,23404,25200,10.2,True
v07_089,76,25200,27274,10.2,True
v07_089,53,27275,28800,10.2,True
v08_089,53,28800,32400,10.2,True
v09_089,53,32400,33432,10.2,True
v09_089,64,33433,34510,10.2,True
v09_089,54,34511,36000,10.2,True
v10_089,54,36000,39600,10.2,True
v11_089,54,39600,40695,10.2,True
v11_089,72,40696,43200,10.2,True
v12_089,72,43200,44831,10.2,True
v12_089,63,44832,46800,10.2,True
v13_089,63,46800,47873,10.2,True
v13_089,44,47874,48382,10.2,True
v00_090,54,3169,3600,11.3,True
v01_090,54,3600,4610,11.3,True
v01_090,33,4611,7200,11.3,True
v02_090,33,7200,10800,11.3,True
v03_090,33,10800,11122,11.3,True
v03_090,53,11123,12802,11.3,True
v03_090,61,12803,14400,11.3,True
v04_090,61,14400,18000,11.3,True
v05_090,61,18000,21600,11.3,True
v06_090,61,21600,25200,11.3,True
v07_090,61,25200,28800,11.3,True
v08_090,61,28800,32400,11.3,True
v09_090,61,32400,36000,11.3,True
v10_090,61,36000,39600,11.3,True
v11_090,61,39600,43200,11.3,True
v12_090,61,43200,46800,11.3,True
v13_090,61,46800,50400,11.3,True
v14_090,61,50400,54000,11.3,True
v15_090,61,54000,57600,11.3,True
v16_090,61,57600,61200,11.3,True
v17_090,61,61200,61325,11.3,True
v17_090,61,61326,62443,11.3,True
v17_090,53,62444,64496,11.3,True
v17_090,54,64497,64800,11.3,True
v18_090,54,64800,66163,11.3,True
v18_090,63,66164,68400,11.3,True
v19_090,63,68400,68852,11.3,True
v00_091,65,1474,2807,18.8,True
v00_091,54,2808,3600,18.8,True
v01_091,54,3600,7200,18.8,True
v02_091,54,7200,10800,18.8,True
v03_091,54,10800,14400,18.8,True
v04_091,54,14400,15608,18.8,True
v04_091,57,15609,18000,18.8,True
v05_091,57,18000,21600,18.8,True
v06_091,57,21600,25200,18.8,True
v07_091,57,25200,28800,18.8,True
v08_091,57,28800,32400,18.8,True
v09_091,57,32400,36000,18.8,True
v10_091,57,36000,39600,18.8,True
v11_091,57,39600,43200,18.8,True
v12_091,57,43200,46800,18.8,True
v13_091,57,46800,50400,18.8,True
v14_091,57,50400,54000,18.8,True
v15_091,57,54000,57600,18.8,True
v16_091,57,57600,61200,18.8,True
v17_091,57,61200,64800,18.8,True
v18_091,57,64800,68400,18.8,True
v19_091,57,68400,72000,18.8,True
v20_091,57,72000,74948,18.8,True
v20_091,3,74949,75464,18.8,True
v20_091,13,75465,75600,18.8,True
v21_091,13,75600,79200,18.8,True
v22_091,13,79200,82222,18.8,True
v22_091,44,82223,82800,18.8,True
v23_091,44,82800,82943,18.8,True
v23_091,52,82944,83752,18.8,True
v23_092,95,82912,85819,5.1,False
v14_093,42,51221,54000,18.2,False
v15_093,42,54000,57426,18.2,False
v15_093,54,57427,57600,18.2,False
v16_093,54,57600,61200,18.2,False
v17_093,54,61200,64800,18.2,False
v18_093,54,64800,68400,18.2,False
v19_093,54,68400,68439,18.2,False
v19_093,64,68440,72000,18.2,False
v20_093,64,72000,75600,18.2,False
v21_093,64,75600,79200,18.2,False
v22_093,64,79200,82800,18.2,False
v23_093,64,82800,85438,18.2,False
v00_094,33,2150,2358,11.5,False
v00_094,33,2359,2528,11.5,False
v00_094,23,2529,3600,11.5,False
v01_094,23,3600,7200,11.5,False
v02_094,23,7200,10800,11.5,False
v03_094,23,10800,14400,11.5,False
v04_094,23,14400,18000,11.5,False
v05_094,23,18000,21600,11.5,False
v06_094,23,21600,25200,11.5,False
v07_094,23,25200,28800,11.5,False
v08_094,23,28800,32400,11.5,False
v09_094,23,32400,36000,11.5,False
v10_094,23,36000,39600,11.5,False
v11_094,23,39600,43200,11.5,False
v12_094,23,43200,46800,11.5,False
v13_094,23,46800,50400,11.5,False
v14_094,23,50400,54000,11.5,False
v15_094,23,54000,57600,11.5,False
v16_094,23,57600,61200,11.5,False
v17_094,23,61200,62694,11.5,False
v17_094,32,62695,62945,11.5,False
v17_094,32,62946,64710,11.5,False
v17_094,43,64711,64800,11.5,False
v18_094,43,64800,68400,11.5,False
v19_094,43,68400,72000,11.5,False
v20_094,43,72000,75600,11.5,False
v21_094,43,75600,76389,11.5,False
v21_094,63,76390,79200,11.5,False
v22_094,63,79200,81824,11.5,False
v22_094,54,81825,82800,11.5,False
v23_094,54,82800,83983,11.5,False
v13_095,14,49723,50400,18.9,True
v14_095,14,50400,54000,18.9,True
v15_095,14,54000,57600,18.9,True
v16_095,14,57600,58098,18.9,True
v16_095,53,58099,61200,18.9,True
v17_095,53,61200,64800,18.9,True
v18_095,53,64800,65562,18.9,True
v18_095,32,65563,65579,18.9,True
v18_095,32,65580,68400,18.9,True
v19_095,32,68400,72000,18.9,True
v20_095,32,72000,75600,18.9,True
v21_095,32,75600,79200,18.9,True
v22_095,32,79200,79504,18.9,True
v22_095,54,79505,82176,18.9,True
v22_095,26,82177,82800,18.9,True
v23_095,26,82800,82893,18.9,True
v16_096,11,58783,61200,16.2,False
v17_096,11,61200,61557,16.2,False
v17_096,24,61558,64800,16.2,False
v18_096,24,64800,68400,16.2,False
v19_096,24,68400,72000,16.2,False
v20_096,24,72000,75518,16.2,False
v20_096,24,75519,75600,16.2,False
v21_096,24,75600,76118,16.2,False
v21_096,35,76119,76748,16.2,False
v14_097,53,50499,53334,14.9,False
v14_097,23,53335,53618,14.9,False
v14_097,11,53619,54000,14.9,False
v15_097,11,54000,57600,14.9,False
v16_097,11,57600,58509,14.9,False
v16_097,51,58510,59855,14.9,False
v16_097,62,59856,61200,14.9,False
v17_097,62,61200,61913,14.9,False
v17_097,73,61914,64800,14.9,False
v18_097,73,64800,64811,14.9,False
v18_097,55,64812,68400,14.9,False
v19_097,55,68400,72000,14.9,False
v20_097,55,72000,72703,14.9,False
v05_098,30,20453,20603,9.3,True
v05_098,10,20604,21600,9.3,True
v06_098,10,21600,21988,9.3,True
v06_098,10,21989,25200,9.3,True
v07_098,10,25200,28799,9.3,True
v08_098,53,28800,32400,9.3,True
v09_098,53,32400,36000,9.3,True
v10_098,53,36000,36688,9.3,True
v10_098,34,36689,39600,9.3,True
v11_098,34,39600,42932,9.3,True
v11_098,54,42933,43200,9.3,True
v12_098,54,43200,44253,9.3,True
v13_099,67,47031,48596,8.4,True
v13_099,73,48597,50400,8.4,True
v14_099,73,50400,51880,8.4,True
v14_099,56,51881,54000,8.4,True
v15_099,56,54000,57582,8.4,True
v15_099,22,57583,57600,8.4,True
v16_099,22,57600,58117,8.4,True
v16_099,60,58118,61200,8.4,True
v17_099,60,61200,61573,8.4,True
v17_099,70,61574,64800,8.4,True
v18_099,70,64800,67069,8.4,True
v18_099,72,67070,67651,8.4,True
v18_099,75,67652,68400,8.4,True
v19_099,75,68400,72000,8.4,True
v20_099,75,72000,75600,8.4,True
v21_099,75,75600,79200,8.4,True
v22_099,75,79200,80246,8.4,True
v22_099,57,80247,82660,8.4,True
v06_100,10,22234,25200,13.8,True
v07_100,10,25200,28462,13.8,True
v07_100,55,28463,28800,13.8,True
v08_100,55,28800,32400,13.8,True
v09_100,55,32400,35731,13.8,True
v09_100,24,35732,36000,13.8,True
v10_100,24,36000,39600,13.8,True
v11_100,24,39600,43171,13.8,True
v11_100,52,43172,43200,13.8,True
v12_100,52,43200,46800,13.8,True
v13_100,52,46800,47722,13.8,True
v13_100,54,47723,49854,13.8,True
v00_101,43,3460,3600,17.2,True
v01_101,43,3600,5084,17.2,True
v01_101,37,5085,5324,17.2,True
v01_101,37,5325,7200,17.2,True
v02_101,37,7200,7399,17.2,True
v00_102,36,1839,2739,18.6,False
v00_102,36,2740,3600,18.6,False
v01_102,36,3600,7200,18.6,False
v02_102,36,7200,9160,18.6,False
v02_102,33,9161,10134,18.6,False
v02_102,54,10135,10800,18.6,False
v03_102,54,10800,13569,18.6,False
v03_102,57,13570,14400,18.6,False
v04_102,57,14400,18000,18.6,False
v05_102,57,18000,21600,18.6,False
v06_102,57,21600,21907,18.6,False
v06_102,55,21908,25200,18.6,False
v07_102,55,25200,28800,18.6,False
v08_102,55,28800,32400,18.6,False
v09_102,55,32400,36000,18.6,False
v10_102,55,36000,39600,18.6,False
v11_102,55,39600,43200,18.6,False
v12_102,55,43200,46800,18.6,False
v13_102,55,46800,50400,18.6,False
v14_102,55,50400,54000,18.6,False
v15_102,55,54000,57600,18.6,False
v16_102,55,57600,61200,18.6,False
v17_102,55,61200,64800,18.6,False
v18_102,55,64800,68400,18.6,False
v19_102,55,68400,72000,18.6,False
v20_102,55,72000,75600,18.6,False
v21_102,55,75600,76867,18.6,False
v21_102,37,76868,76957,18.6,False
v21_102,37,76958,79200,18.6,False
v22_102,37,79200,81654,18.6,False
v22_102,36,81655,82800,18.6,False
v23_102,36,82800,84656,18.6,False
v23_102,64,84657,85152,18.6,False
v00_103,52,3241,3600,18.9,False
v01_103,52,3600,7200,18.9,False
v02_103,52,7200,10800,18.9,False
v03_103,52,10800,14015,18.9,False
v03_103,64,14016,14400,18.9,False
v04_103,64,14400,17930,18.9,False
v04_103,34,17931,18000,18.9,False
v05_103,34,18000,19351,18.9,False
v05_103,65,19352,21600,18.9,False
v06_103,65,21600,22296,18.9,False
v06_103,53,22297,22835,18.9,False
v06_103,42,22836,25200,18.9,False
v07_103,42,25200,28800,18.9,False
v08_103,42,28800,32400,18.9,False
v09_103,42,32400,36000,18.9,False
v10_103,42,36000,39600,18.9,False
v11_103,42,39600,43200,18.9,False
v12_103,42,43200,46800,18.9,False
v13_103,42,46800,50400,18.9,False
v14_103,42,50400,54000,18.9,False
v15_103,42,54000,57600,18.9,False
v16_103,42,57600,61200,18.9,False
v17_103,42,61200,64800,18.9,False
v18_103,42,64800,68400,18.9,False
v19_103,42,68400,72000,18.9,False
v20_103,42,72000,74489,18.9,False
v20_103,40,74490,75600,18.9,False
v21_103,40,75600,77581,18.9,False
v13_104,52,48194,50400,18.5,False
v14_104,52,50400,52549,18.5,False
v14_104,53,52550,54000,18.5,False
v15_104,53,54000,57447,18.5,False
v15_104,64,57448,57600,18.5,False
v16_104,64,57600,59712,18.5,False
v16_104,23,59713,59817,18.5,False
v16_104,23,59818,61200,18.5,False
v17_104,23,61200,64800,18.5,False
v18_104,23,64800,68400,18.5,False
v19_104,23,68400,69415,18.5,False
v19_104,54,69416,72000,18.5,False
v20_104,54,72000,72593,18.5,False
v20_104,76,72594,75600,18.5,False
v21_104,76,75600,79200,18.5,False
v22_104,76,79200,82021,18.5,False
v16_105,54,58690,61200,5.2,False
v17_105,54,61200,64800,5.2,False
v18_105,54,64800,68400,5.2,False
v19_105,54,68400,71152,5.2,False
v19_105,34,71153,72000,5.2,False
v20_105,34,72000,75600,5.2,False
v21_105,34,75600,76058,5.2,False
v21_105,73,76059,79200,5.2,False
v22_105,73,79200,82800,5.2,False
v23_105,73,82800,83024,5.2,False
v23_105,54,83025,83909,5.2,False
v08_106,24,29131,32400,7.6,True
v09_106,24,32400,34438,7.6,True
v09_106,10,34439,35979,7.6,True
v09_106,53,35980,36000,7.6,True
v10_106,53,36000,39600,7.6,True
v11_106,53,39600,40798,7.6,True
v11_106,55,40799,43200,7.6,True
v12_106,55,43200,46800,7.6,True
v13_106,55,46800,46834,7.6,True
v13_106,65,46835,47359,7.6,True
v13_106,54,47360,50400,7.6,True
v14_106,54,50400,50405,7.6,True
v14_106,62,50406,50965,7.6,True
v20_107,18,73423,75600,14.9,False
v21_107,18,75600,78002,14.9,False
v21_107,54,78003,79200,14.9,False
v22_107,54,79200,82469,14.9,False
v11_108,64,42997,43200,11.2,False
v12_108,64,43200,45658,11.2,False
v12_108,34,45659,46084,11.2,False
v12_108,24,46085,46310,11.2,False
v06_109,39,23463,25200,14.2,True
v07_109,39,25200,25848,14.2,True
v07_109,56,25849,28800,14.2,True
v08_109,56,28800,31885,14.2,True
v08_109,46,31886,32400,14.2,True
v09_109,46,32400,36000,14.2,True
v10_109,46,36000,39600,14.2,True
v11_109,46,39600,43200,14.2,True
v12_109,46,43200,46800,14.2,True
v13_109,46,46800,47099,14.2,True
v13_109,56,47100,47503,14.2,True
v13_110,18,50383,50400,8.8,False
v14_110,18,50400,50877,8.8,False
v14_110,37,50878,54000,8.8,False
v15_110,37,54000,54328,8.8,False
v15_110,45,54329,57600,8.8,False
v16_110,45,57600,57632,8.8,False
v16_110,64,57633,61200,8.8,False
v17_110,64,61200,64800,8.8,False
v18_110,64,64800,65092,8.8,False
v18_110,53,65093,67928,8.8,False
v18_110,54,67929,68400,8.8,False
v19_110,54,68400,72000,8.8,False
v20_110,54,72000,75600,8.8,False
v21_110,54,75600,76666,8.8,False
v00_111,54,386,3600,12.2,False
v01_111,54,3600,7200,12.2,False
v02_111,54,7200,10800,12.2,False
v03_111,54,10800,14400,12.2,False
v04_111,54,14400,18000,12.2,False
v05_111,54,18000,21600,12.2,False
v06_111,54,21600,25200,12.2,False
v07_111,54,25200,28800,12.2,False
v08_111,54,28800,32400,12.2,False
v09_111,54,32400,36000,12.2,False
v10_111,54,36000,39600,12.2,False
v11_111,54,39600,43200,12.2,False
v12_111,54,43200,46800,12.2,False
v13_111,54,46800,50400,12.2,False
v14_111,54,50400,54000,12.2,False
v15_111,54,54000,57600,12.2,False
v16_111,54,57600,61200,12.2,False
v17_111,54,61200,64800,12.2,False
v18_111,54,64800,68400,12.2,False
v19_111,54,68400,72000,12.2,False
v20_111,54,72000,73727,12.2,False
v20_111,53,73728,75599,12.2,False
v15_112,54,55731,57600,10.3,True
v16_112,54,57600,61200,10.3,True
v17_112,54,61200,64800,10.3,True
v18_112,54,64800,68400,10.3,True
v19_112,54,68400,71577,10.3,True
v19_112,63,71578,71905,10.3,True
v19_112,62,71906,72000,10.3,True
v20_112,62,72000,72431,10.3,True
v14_113,50,53990,54000,13.0,False
v15_113,50,54000,54335,13.0,False
v15_114,54,56177,57600,7.6,False
v16_114,54,57600,58461,7.6,False
v16_114,63,58462,61200,7.6,False
v17_114,63,61200,63378,7.6,False
v17_114,63,63379,64700,7.6,False
v17_114,73,64701,64800,7.6,False
v18_114,73,64800,65089,7.6,False
v18_114,73,65090,68400,7.6,False
v19_114,73,68400,72000,7.6,False
v20_114,73,72000,72213,7.6,False
v20_114,43,72214,72924,7.6,False
v20_114,53,72925,75600,7.6,False
v21_114,53,75600,79200,7.6,False
v22_114,53,79200,82800,7.6,False
v23_114,53,82800,83983,7.6,False
v14_115,52,52886,53475,18.8,False
v14_115,54,53476,54000,18.8,False
v15_115,54,54000,57600,18.8,False
v16_115,54,57600,61200,18.8,False
v17_115,54,61200,64800,18.8,False
v18_115,54,64800,68400,18.8,False
v19_115,54,68400,70787,18.8,False
v05_116,12,19995,20101,17.4,True
v05_116,23,20102,21466,17.4,True
v05_116,54,21467,21600,17.4,True
v06_116,54,21600,25200,17.4,True
v07_116,54,25200,28800,17.4,True
v08_116,54,28800,30896,17.4,True
v08_116,12,30897,32400,17.4,True
v09_116,12,32400,34464,17.4,True
v09_116,54,34465,36000,17.4,True
v10_116,54,36000,39600,17.4,True
v11_116,54,39600,43172,17.4,True
v11_116,34,43173,43200,17.4,True
v12_116,34,43200,43338,17.4,True
v12_116,23,43339,46800,17.4,True
v13_116,23,46800,49789,17.4,True
v00_117,2,868,3600,14.4,False
v01_117,2,3600,6999,14.4,False
v01_117,14,7000,7200,14.4,False
v02_117,14,7200,10800,14.4,False
v03_117,14,10800,14400,14.4,False
v04_117,14,14400,18000,14.4,False
v05_117,14,18000,21600,14.4,False
v06_117,14,21600,25200,14.4,False
v07_117,14,25200,28800,14.4,False
v08_117,14,28800,32400,14.4,False
v09_117,14,32400,36000,14.4,False
v10_117,14,36000,39600,14.4,False
v11_117,14,39600,43200,14.4,False
v12_117,14,43200,46800,14.4,False
v13_117,14,46800,50400,14.4,False
v14_117,14,50400,54000,14.4,False
v15_117,14,54000,57600,14.4,False
v16_117,14,57600,60345,14.4,False
v16_117,3,60346,60386,14.4,False
v16_117,2,60387,61200,14.4,False
v17_117,2,61200,64800,14.4,False
v18_117,2,64800,68400,14.4,False
v19_117,2,68400,72000,14.4,False
v20_117,2,72000,75600,14.4,False
v21_117,2,75600,79200,14.4,False
v22_117,2,79200,82800,14.4,False
v23_117,2,82800,83125,14.4,False
v23_117,34,83126,85132,14.4,False
v08_118,20,31917,32086,5.7,True
v08_118,40,32087,32400,5.7,True
v09_118,40,32400,35659,5.7,True
v09_118,44,35660,36000,5.7,True
v10_118,44,36000,36334,5.7,True
v10_118,24,36335,39600,5.7,True
v11_118,24,39600,43200,5.7,True
v12_118,24,43200,43248,5.7,True
v12_118,55,43249,46800,5.7,True
v13_118,55,46800,48593,5.7,True
v13_118,34,48594,50400,5.7,True
v14_118,34,50400,51668,5.7,True
v14_118,63,51669,52349,5.7,True
v00_119,54,2327,3600,9.0,False
v01_119,54,3600,5064,9.0,False
v01_119,42,5065,6581,9.0,False
v01_119,72,6582,7200,9.0,False
v02_119,72,7200,10800,9.0,False
v03_119,72,10800,14400,9.0,False
v04_119,72,14400,18000,9.0,False
v05_119,72,18000,21600,9.0,False
v06_119,72,21600,25200,9.0,False
v07_119,72,25200,28800,9.0,False
v08_119,72,28800,32400,9.0,False
v09_119,72,32400,36000,9.0,False
v10_119,72,36000,39600,9.0,False
v11_119,72,39600,43200,9.0,False
v12_119,72,43200,46800,9.0,False
v13_119,72,46800,50400,9.0,False
v14_119,72,50400,54000,9.0,False
v15_119,72,54000,56504,9.0,False
v15_119,72,56505,56519,9.0,False
v15_119,73,56520,57600,9.0,False
v16_119,73,57600,60022,9.0,False
v16_119,54,60023,61200,9.0,False
v17_119,54,61200,64800,9.0,False
v18_119,54,64800,68056,9.0,False
v18_119,54,68057,68400,9.0,False
v19_119,54,68400,72000,9.0,False
v20_119,54,72000,75600,9.0,False
v21_119,54,75600,79200,9.0,False
v22_119,54,79200,82800,9.0,False
v23_119,54,82800,84534,9.0,False
v02_120,43,7376,7976,11.3,True
v02_120,42,7977,10800,11.3,True
v03_120,42,10800,14400,11.3,True
v04_120,42,14400,18000,11.3,True
v05_120,42,18000,21600,11.3,True
v06_120,42,21600,25200,11.3,True
v07_120,42,25200,28800,11.3,True
v08_120,42,28800,32400,11.3,True
v09_120,42,32400,36000,11.3,True
v10_120,42,36000,39600,11.3,True
v11_120,42,39600,43200,11.3,True
v12_120,42,43200,46800,11.3,True
v13_120,42,46800,50400,11.3,True
v14_120,42,50400,54000,11.3,True
v15_120,42,54000,57185,11.3,True
v15_120,63,57186,57346,11.3,True
v15_120,63,57347,57600,11.3,True
v16_120,63,57600,61172,11.3,True
v16_120,55,61173,61200,11.3,True
v17_120,55,61200,64800,11.3,True
v18_120,55,64800,65414,11.3,True
v18_120,43,65415,68400,11.3,True
v19_120,43,68400,72000,11.3,True
v20_120,43,72000,75505,11.3,True
v20_120,63,75506,75600,11.3,True
v21_120,63,75600,77034,11.3,True
v09_121,45,33259,36000,16.6,True
v10_121,45,36000,39600,16.6,True
v11_121,45,39600,40409,16.6,True
v11_121,23,40410,40679,16.6,True
v11_121,34,40680,43200,16.6,True
v12_121,34,43200,46800,16.6,True
v13_121,34,46800,48239,16.6,True
v13_121,54,48240,49486,16.6,True
v13_121,53,49487,50400,16.6,True
v14_121,53,50400,50501,16.6,True
v14_121,72,50502,50801,16.6,True
v13_122,34,48915,50400,5.8,True
v14_122,34,50400,54000,5.8,True
v15_122,34,54000,57600,5.8,True
v16_122,34,57600,59450,5.8,True
v16_122,24,59451,61200,5.8,True
v17_122,24,61200,64800,5.8,True
v18_122,24,64800,68400,5.8,True
v19_122,24,68400,72000,5.8,True
v20_122,24,72000,75600,5.8,True
v21_122,24,75600,75790,5.8,True
v21_122,34,75791,76164,5.8,True
v08_123,55,31510,32400,6.9,True
v09_123,55,32400,36000,6.9,True
v10_123,55,36000,36248,6.9,True
v10_123,63,36249,39600,6.9,True
v11_123,63,39600,43200,6.9,True
v12_123,63,43200,45846,6.9,True
v12_123,63,45847,46361,6.9,True
v12_123,73,46362,46800,6.9,True
v13_123,73,46800,50157,6.9,True
v06_124,18,21789,25135,19.6,False
v06_124,55,25136,25200,19.6,False
v07_124,55,25200,25435,19.6,False
v07_124,57,25436,28360,19.6,False
v07_124,24,28361,28795,19.6,False
v07_124,10,28796,28800,19.6,False
v08_124,10,28800,32400,19.6,False
v09_124,10,32400,36000,19.6,False
v10_124,10,36000,37917,19.6,False
v10_124,72,37918,39600,19.6,False
v11_124,72,39600,39629,19.6,False
v11_124,62,39630,43200,19.6,False
v12_124,62,43200,44883,19.6,False
v12_124,23,44884,45295,19.6,False
v12_124,1,45296,46800,19.6,False
v13_124,1,46800,49323,19.6,False
v00_125,65,2690,2900,6.3,False
v00_125,65,2901,3600,6.3,False
v01_125,65,3600,7200,6.3,False
v02_125,65,7200,10800,6.3,False
v03_125,65,10800,14400,6.3,False
v04_125,65,14400,18000,6.3,False
v05_125,65,18000,21600,6.3,False
v06_125,65,21600,25200,6.3,False
v07_125,65,25200,28800,6.3,False
v08_125,65,28800,32400,6.3,False
v09_125,65,32400,36000,6.3,False
v10_125,65,36000,39600,6.3,False
v11_125,65,39600,43200,6.3,False
v12_125,65,43200,46800,6.3,False
v13_125,65,46800,50400,6.3,False
v14_125,65,50400,54000,6.3,False
v15_125,65,54000,57600,6.3,False
v16_125,65,57600,60122,6.3,False
v16_125,48,60123,61200,6.3,False
v17_125,48,61200,64653,6.3,False
v17_125,56,64654,64800,6.3,False
v18_125,56,64800,64998,6.3,False
v18_125,56,64999,68400,6.3,False
v19_125,56,68400,72000,6.3,False
v20_125,56,72000,75250,6.3,False
v00_126,54,1874,3600,9.7,True
v01_126,54,3600,7200,9.7,True
v02_126,54,7200,10800,9.7,True
v03_126,54,10800,14400,9.7,True
v04_126,54,14400,18000,9.7,True
v05_126,54,18000,21600,9.7,True
v06_126,54,21600,25200,9.7,True
v07_126,54,25200,28800,9.7,True
v08_126,54,28800,32400,9.7,True
v09_126,54,32400,36000,9.7,True
v10_126,54,36000,39600,9.7,True
v11_126,54,39600,43200,9.7,True
v12_126,54,43200,46800,9.7,True
v13_126,54,46800,50400,9.7,True
v14_126,54,50400,54000,9.7,True
v15_126,54,54000,57600,9.7,True
v16_126,54,57600,58006,9.7,True
v16_126,52,58007,61200,9.7,True
v17_126,52,61200,63029,9.7,True
v17_126,53,63030,64800,9.7,True
v18_126,53,64800,68400,9.7,True
v19_126,53,68400,68998,9.7,True
v19_126,62,68999,72000,9.7,True
v20_126,62,72000,75600,9.7,True
v21_126,62,75600,79200,9.7,True
v22_126,62,79200,80190,9.7,True
v22_126,54,80191,82800,9.7,True
v23_126,54,82800,83724,9.7,True
v13_127,86,50304,50400,10.3,False
v14_127,86,50400,54000,10.3,False
v15_127,86,54000,54435,10.3,False
v15_127,54,54436,57600,10.3,False
v16_127,54,57600,57642,10.3,False
v16_127,52,57643,61200,10.3,False
v17_127,52,61200,64800,10.3,False
v18_127,52,64800,65505,10.3,False
v18_127,45,65506,68244,10.3,False
v00_128,53,1463,2464,13.8,True
v00_128,44,2465,3600,13.8,True
v01_128,44,3600,7200,13.8,True
v02_128,44,7200,7293,13.8,True
v02_128,73,7294,10800,13.8,True
v03_128,73,10800,14400,13.8,True
v04_128,73,14400,18000,13.8,True
v05_128,73,18000,21600,13.8,True
v06_128,73,21600,25200,13.8,True
v07_128,73,25200,28800,13.8,True
v08_128,73,28800,32400,13.8,True
v09_128,73,32400,36000,13.8,True
v10_128,73,36000,39600,13.8,True
v11_128,73,39600,43200,13.8,True
v12_128,73,43200,46800,13.8,True
v13_128,73,46800,50400,13.8,True
v14_128,73,50400,54000,13.8,True
v15_128,73,54000,57600,13.8,True
v16_128,73,57600,58302,13.8,True
v16_128,94,58303,61200,13.8,True
v17_128,94,61200,63422,13.8,True
v17_128,64,63423,64800,13.8,True
v18_128,64,64800,68400,13.8,True
v19_128,64,68400,68565,13.8,True
v19_128,30,68566,69361,13.8,True
v19_128,40,69362,72000,13.8,True
v20_128,40,72000,74864,13.8,True
v20_128,73,74865,75600,13.8,True
v21_128,73,75600,79200,13.8,True
v22_128,73,79200,81948,13.8,True
v00_129,54,1162,3600,7.9,True
v01_129,54,3600,6668,7.9,True
v01_129,64,6669,7200,7.9,True
v02_129,64,7200,10800,7.9,True
v03_129,64,10800,14400,7.9,True
v04_129,64,14400,18000,7.9,True
v05_129,64,18000,21600,7.9,True
v06_129,64,21600,25200,7.9,True
v07_129,64,25200,28800,7.9,True
v08_129,64,28800,32400,7.9,True
v09_129,64,32400,36000,7.9,True
v10_129,64,36000,39600,7.9,True
v11_129,64,39600,43200,7.9,True
v12_129,64,43200,46800,7.9,True
v13_129,64,46800,50400,7.9,True
v14_129,64,50400,54000,7.9,True
v15_129,64,54000,57600,7.9,True
v16_129,64,57600,61200,7.9,True
v17_129,64,61200,64800,7.9,True
v18_129,64,64800,68400,7.9,True
v19_129,64,68400,69283,7.9,True
v19_129,74,69284,72000,7.9,True
v20_129,74,72000,73969,7.9,True
v20_129,63,73970,75600,7.9,True
v21_129,63,75600,76040,7.9,True
v00_130,54,52,3600,6.9,False
v01_130,54,3600,4013,6.9,False
v01_130,73,4014,4599,6.9,False
v01_130,64,4600,7200,6.9,False
v02_130,64,7200,10022,6.9,False
v02_130,57,10023,10800,6.9,False
v03_130,57,10800,14400,6.9,False
v04_130,57,14400,18000,6.9,False
v05_130,57,18000,21600,6.9,False
v06_130,57,21600,25200,6.9,False
v07_130,57,25200,28800,6.9,False
v08_130,57,28800,32400,6.9,False
v09_130,57,32400,36000,6.9,False
v10_130,57,36000,39600,6.9,False
v11_130,57,39600,43200,6.9,False
v12_130,57,43200,46800,6.9,False
v13_130,57,46800,50400,6.9,False
v14_130,57,50400,54000,6.9,False
v15_130,57,54000,57600,6.9,False
v16_130,57,57600,61200,6.9,False
v17_130,57,61200,64800,6.9,False
v18_130,57,64800,68400,6.9,False
v19_130,57,68400,71544,6.9,False
v19_130,67,71545,72000,6.9,False
v20_130,67,72000,75600,6.9,False
v21_130,67,75600,79192,6.9,False
v09_131,60,35369,36000,15.7,True
v10_131,60,36000,37733,15.7,True
v10_131,10,37734,39600,15.7,True
v11_131,10,39600,43200,15.7,True
v12_131,10,43200,44566,15.7,True
v12_131,76,44567,45202,15.7,True
v12_131,77,45203,46438,15.7,True
v12_131,39,46439,46799,15.7,True
v13_131,6,46800,46975,15.7,True
v13_131,3,46976,47065,15.7,True
v13_131,1,47066,50400,15.7,True
v14_131,1,50400,53747,15.7,True
v14_131,43,53748,54000,15.7,True
v15_131,43,54000,54494,15.7,True
v07_132,22,25416,26332,6.2,True
v07_132,33,26333,28800,6.2,True
v08_132,33,28800,29131,6.2,True
v13_133,33,49205,49281,10.6,False
v13_133,33,49282,50400,10.6,False
v14_133,33,50400,52693,10.6,False
v14_133,54,52694,53846,10.6,False
v14_133,34,53847,54000,10.6,False
v15_133,34,54000,57600,10.6,False
v16_133,34,57600,61200,10.6,False
v17_133,34,61200,64800,10.6,False
v18_133,34,64800,65333,10.6,False
v18_133,34,65334,65587,10.6,False
v18_133,24,65588,66002,10.6,False
v01_134,44,6280,7200,16.7,True
v02_134,44,7200,9873,16.7,True
v02_134,52,9874,10800,16.7,True
v03_134,52,10800,13203,16.7,True
v03_134,10,13204,14400,16.7,True
v04_134,10,14400,18000,16.7,True
v05_134,10,18000,21600,16.7,True
v06_134,10,21600,25200,16.7,True
v07_134,10,25200,28800,16.7,True
v08_134,10,28800,32400,16.7,True
v09_134,10,32400,36000,16.7,True
v10_134,10,36000,39600,16.7,True
v11_134,10,39600,43200,16.7,True
v12_134,10,43200,46800,16.7,True
v13_134,10,46800,50400,16.7,True
v14_134,10,50400,54000,16.7,True
v15_134,10,54000,57600,16.7,True
v16_134,10,57600,59653,16.7,True
v16_134,52,59654,61200,16.7,True
v17_134,52,61200,63063,16.7,True
v17_134,54,63064,64800,16.7,True
v18_134,54,64800,68400,16.7,True
v19_134,54,68400,71553,16.7,True
v19_134,52,71554,72000,16.7,True
v20_134,52,72000,72079,16.7,True
v20_134,62,72080,73753,16.7,True
v20_134,74,73754,75600,16.7,True
v21_134,74,75600,79200,16.7,True
v22_134,74,79200,79253,16.7,True
v14_135,60,50922,53851,17.0,False
v14_135,64,53852,54000,17.0,False
v15_135,64,54000,54706,17.0,False
v15_135,73,54707,56810,17.0,False
v15_135,44,56811,57600,17.0,False
v16_135,44,57600,61200,17.0,False
v17_135,44,61200,64800,17.0,False
v18_135,44,64800,68400,17.0,False
v19_135,44,68400,70329,17.0,False
v19_135,53,70330,72000,17.0,False
v20_135,53,72000,75600,17.0,False
v21_135,53,75600,79025,17.0,False
v21_135,50,79026,79200,17.0,False
v22_135,50,79200,79229,17.0,False
v09_136,10,33979,36000,11.5,True
v10_136,10,36000,37830,11.5,True
v10_136,34,37831,39466,11.5,True
v10_136,55,39467,39600,11.5,True
v11_136,55,39600,42153,11.5,True
v11_136,86,42154,42999,11.5,True
v11_136,65,43000,43200,11.5,True
v12_136,65,43200,46800,11.5,True
v13_136,65,46800,46929,11.5,True
v13_136,65,46930,50400,11.5,True
v14_136,65,50400,51479,11.5,True
v14_136,86,51480,51646,11.5,True
v07_137,30,26856,26976,12.4,False
v07_137,40,26977,28800,12.4,False
v08_137,40,28800,30759,12.4,False
v08_137,53,30760,32400,12.4,False
v09_137,53,32400,36000,12.4,False
v10_137,53,36000,39600,12.4,False
v11_137,53,39600,42371,12.4,False
v11_137,73,42372,43200,12.4,False
v12_137,73,43200,45596,12.4,False
v12_137,66,45597,46362,12.4,False
v12_137,76,46363,46800,12.4,False
v13_137,76,46800,50400,12.4,False
v14_137,76,50400,50408,12.4,False
v14_137,55,50409,52943,12.4,False
v14_137,23,52944,52957,12.4,False
v00_138,54,1287,3205,11.3,False
v00_138,23,3206,3600,11.3,False
v01_138,23,3600,7200,11.3,False
v02_138,23,7200,10800,11.3,False
v03_138,23,10800,14400,11.3,False
v04_138,23,14400,18000,11.3,False
v05_138,23,18000,21600,11.3,False
v06_138,23,21600,25200,11.3,False
v07_138,23,25200,28800,11.3,False
v08_138,23,28800,32400,11.3,False
v09_138,23,32400,36000,11.3,False
v10_138,23,36000,39600,11.3,False
v11_138,23,39600,43200,11.3,False
v12_138,23,43200,46800,11.3,False
v13_138,23,46800,50400,11.3,False
v14_138,23,50400,54000,11.3,False
v15_138,23,54000,57600,11.3,False
v16_138,23,57600,58813,11.3,False
v16_138,64,58814,59128,11.3,False
v16_138,64,59129,61200,11.3,False
v17_138,64,61200,61293,11.3,False
v17_138,62,61294,62121,11.3,False
v17_138,63,62122,64800,11.3,False
v18_138,63,64800,68400,11.3,False
v19_138,63,68400,68731,11.3,False
v19_138,54,68732,70814,11.3,False
v19_138,63,70815,72000,11.3,False
v20_138,63,72000,75600,11.3,False
v21_138,63,75600,79200,11.3,False
v22_138,63,79200,79616,11.3,False
v22_138,65,79617,82800,11.3,False
v23_138,65,82800,85245,11.3,False
v14_139,1,52842,54000,11.9,True
v15_139,1,54000,55181,11.9,True
v15_139,24,55182,57327,11.9,True
v15_139,54,57328,57600,11.9,True
v16_139,54,57600,61200,11.9,True
v17_139,54,61200,64800,11.9,True
v18_139,54,64800,66257,11.9,True
v18_139,43,66258,68400,11.9,True
v19_139,43,68400,72000,11.9,True
v20_139,43,72000,75600,11.9,True
v21_139,43,75600,79200,11.9,True
v22_139,43,79200,79417,11.9,True
v22_139,55,79418,80362,11.9,True
v00_140,53,916,3600,13.0,False
v01_140,53,3600,4492,13.0,False
v01_140,65,4493,7200,13.0,False
v02_140,65,7200,10800,13.0,False
v03_140,65,10800,14400,13.0,False
v04_140,65,14400,18000,13.0,False
v05_140,65,18000,21600,13.0,False
v06_140,65,21600,25200,13.0,False
v07_140,65,25200,28800,13.0,False
v08_140,65,28800,32400,13.0,False
v09_140,65,32400,36000,13.0,False
v10_140,65,36000,39600,13.0,False
v11_140,65,39600,43200,13.0,False
v12_140,65,43200,46800,13.0,False
v13_140,65,46800,50400,13.0,False
v14_140,65,50400,54000,13.0,False
v15_140,65,54000,57600,13.0,False
v16_140,65,57600,58182,13.0,False
v16_140,59,58183,60764,13.0,False
v16_140,44,60765,61200,13.0,False
v17_140,44,61200,64800,13.0,False
v18_140,44,64800,68400,13.0,False
v19_140,44,68400,70382,13.0,False
v19_140,73,70383,70997,13.0,False
v13_141,94,49335,50400,6.1,True
v14_141,94,50400,53309,6.1,True
v14_141,36,53310,54000,6.1,True
v15_141,36,54000,54512,6.1,True
v15_141,27,54513,55967,6.1,True
v14_142,66,52685,54000,11.4,False
v15_142,66,54000,54282,11.4,False
v15_142,55,54283,57600,11.4,False
v16_142,55,57600,58378,11.4,False
v16_142,57,58379,61200,11.4,False
v17_142,57,61200,61406,11.4,False
v17_142,35,61407,64800,11.4,False
v18_142,35,64800,65223,11.4,False
v18_142,57,65224,68400,11.4,False
v19_142,57,68400,72000,11.4,False
v20_142,57,72000,74795,11.4,False
v00_143,53,2065,3600,19.0,True
v01_143,53,3600,7200,19.0,True
v02_143,53,7200,10141,19.0,True
v02_143,54,10142,10800,19.0,True
v03_143,54,10800,13965,19.0,True
v03_143,66,13966,14400,19.0,True
v04_143,66,14400,16115,19.0,True
v04_143,68,16116,16535,19.0,True
v04_143,76,16536,18000,19.0,True
v05_143,76,18000,21600,19.0,True
v06_143,76,21600,22773,19.0,True
v06_143,36,22774,22818,19.0,True
v06_143,36,22819,24903,19.0,True
v06_143,53,24904,25200,19.0,True
v07_143,53,25200,28800,19.0,True
v08_143,53,28800,32400,19.0,True
v09_143,53,32400,36000,19.0,True
v10_143,53,36000,39600,19.0,True
v11_143,53,39600,43200,19.0,True
v12_143,53,43200,46800,19.0,True
v13_143,53,46800,50400,19.0,True
v14_143,53,50400,54000,19.0,True
v15_143,53,54000,57600,19.0,True
v16_143,53,57600,61200,19.0,True
v17_143,53,61200,64800,19.0,True
v18_143,53,64800,68400,19.0,True
v19_143,53,68400,72000,19.0,True
v20_143,53,72000,75600,19.0,True
v21_143,53,75600,76234,19.0,True
v21_143,77,76235,77556,19.0,True
v21_143,76,77557,79200,19.0,True
v22_143,76,79200,82800,19.0,True
v23_143,76,82800,83470,19.0,True
v23_143,44,83471,86379,19.0,True
v00_144,44,3249,3600,18.5,False
v01_144,44,3600,6158,18.5,False
v01_144,66,6159,6354,18.5,False
v01_144,66,6355,6498,18.5,False
v01_144,67,6499,7200,18.5,False
v02_144,67,7200,10800,18.5,False
v03_144,67,10800,14400,18.5,False
v04_144,67,14400,18000,18.5,False
v05_144,67,18000,21600,18.5,False
v06_144,67,21600,25200,18.5,False
v07_144,67,25200,28800,18.5,False
v08_144,67,28800,32400,18.5,False
v09_144,67,32400,36000,18.5,False
v10_144,67,36000,39600,18.5,False
v11_144,67,39600,43200,18.5,False
v12_144,67,43200,46800,18.5,False
v13_144,67,46800,50400,18.5,False
v14_144,67,50400,54000,18.5,False
v15_144,67,54000,57600,18.5,False
v16_144,67,57600,58248,18.5,False
v16_144,48,58249,61200,18.5,False
v17_144,48,61200,61838,18.5,False
v17_144,56,61839,64800,18.5,False
v18_144,56,64800,68101,18.5,False
v18_144,54,68102,68400,18.5,False
v19_144,54,68400,72000,18.5,False
v20_144,54,72000,74905,18.5,False
v20_144,53,74906,75600,18.5,False
v21_144,53,75600,79200,18.5,False
v22_144,53,79200,80301,18.5,False
v22_144,73,80302,82800,18.5,False
v23_144,73,82800,84335,18.5,False
v05_145,56,20285,21470,8.9,True
v05_145,56,21471,21600,8.9,True
v06_145,56,21600,25200,8.9,True
v07_145,56,25200,28800,8.9,True
v08_145,56,28800,32400,8.9,True
v09_145,56,32400,32694,8.9,True
v09_145,56,32695,36000,8.9,True
v10_145,56,36000,39600,8.9,True
v11_145,56,39600,43200,8.9,True
v12_145,56,43200,45188,8.9,True
v12_145,66,45189,46800,8.9,True
v13_145,66,46800,47009,8.9,True
v13_145,54,47010,50400,8.9,True
v14_145,54,50400,52886,8.9,True
v17_146,56,64661,64800,6.8,False
v18_146,56,64800,68400,6.8,False
v19_146,56,68400,69402,6.8,False
v19_146,54,69403,72000,6.8,False
v20_146,54,72000,75600,6.8,False
v21_146,54,75600,79200,6.8,False
v22_146,54,79200,79697,6.8,False
v00_147,34,281,936,14.9,False
v00_147,43,937,3600,14.9,False
v01_147,43,3600,3968,14.9,False
v01_147,66,3969,4388,14.9,False
v01_147,66,4389,4404,14.9,False
v01_147,66,4405,7200,14.9,False
v02_147,66,7200,10800,14.9,False
v03_147,66,10800,14400,14.9,False
v04_147,66,14400,18000,14.9,False
v05_147,66,18000,21600,14.9,False
v06_147,66,21600,25200,14.9,False
v07_147,66,25200,28800,14.9,False
v08_147,66,28800,32400,14.9,False
v09_147,66,32400,36000,14.9,False
v10_147,66,36000,39600,14.9,False
v11_147,66,39600,43200,14.9,False
v12_147,66,43200,46800,14.9,False
v13_147,66,46800,50400,14.9,False
v14_147,66,50400,54000,14.9,False
v15_147,66,54000,56969,14.9,False
v15_147,38,56970,57600,14.9,False
v16_147,38,57600,61200,14.9,False
v17_147,38,61200,61342,14.9,False
v17_147,56,61343,64446,14.9,False
v17_147,65,64447,64800,14.9,False
v18_147,65,64800,64851,14.9,False
v18_147,65,64852,68400,14.9,False
v19_147,65,68400,68671,14.9,False
v19_147,55,68672,72000,14.9,False
v20_147,55,72000,75600,14.9,False
v21_147,55,75600,79200,14.9,False
v22_147,55,79200,82800,14.9,False
v23_147,55,82800,85945,14.9,False
v05_148,56,19616,21600,16.9,False
v06_148,56,21600,23922,16.9,False
v06_148,66,23923,25200,16.9,False
v07_148,66,25200,26002,16.9,False
v07_148,72,26003,26662,16.9,False
v07_148,53,26663,28800,16.9,False
v08_148,53,28800,28886,16.9,False
v08_148,55,28887,32400,16.9,False
v09_148,55,32400,36000,16.9,False
v10_148,55,36000,39600,16.9,False
v11_148,55,39600,41494,16.9,False
v11_148,27,41495,42858,16.9,False
v11_148,36,42859,43200,16.9,False
v12_148,36,43200,46281,16.9,False
v15_149,51,54299,56734,16.0,False
v15_149,63,56735,57600,16.0,False
v16_149,63,57600,60231,16.0,False
v16_149,64,60232,60290,16.0,False
v16_149,64,60291,61200,16.0,False
v17_149,64,61200,64800,16.0,False
v18_149,64,64800,68400,16.0,False
v19_149,64,68400,72000,16.0,False
v20_149,64,72000,74478,16.0,False
v20_149,52,74479,75600,16.0,False
v21_149,52,75600,79138,16.0,False
v01_150,36,7078,7199,6.5,False
v02_150,36,7200,7333,6.5,False
v02_150,37,7334,10800,6.5,False
v03_150,37,10800,11265,6.5,False
v03_150,63,11266,14400,6.5,False
v04_150,63,14400,18000,6.5,False
v05_150,63,18000,21600,6.5,False
v06_150,63,21600,25200,6.5,False
v07_150,63,25200,28800,6.5,False
v08_150,63,28800,32400,6.5,False
v09_150,63,32400,36000,6.5,False
v10_150,63,36000,39600,6.5,False
v11_150,63,39600,43200,6.5,False
v12_150,63,43200,46800,6.5,False
v13_150,63,46800,50400,6.5,False
v14_150,63,50400,54000,6.5,False
v15_150,63,54000,57600,6.5,False
v16_150,63,57600,59704,6.5,False
v16_150,55,59705,61171,6.5,False
v16_150,56,61172,61200,6.5,False
v17_150,56,61200,63378,6.5,False
v17_150,66,63379,64800,6.5,False
v18_150,66,64800,66571,6.5,False
v18_150,55,66572,68400,6.5,False
v19_150,55,68400,69243,6.5,False
v19_150,53,69244,72000,6.5,False
v20_150,53,72000,72539,6.5,False
v20_150,73,72540,73154,6.5,False
v20_150,73,73155,75600,6.5,False
v21_150,73,75600,79200,6.5,False
v22_150,73,79200,82800,6.5,False
v23_150,73,82800,84955,6.5,False
v00_151,64,3084,3600,5.1,True
v01_151,64,3600,5544,5.1,True
v01_151,23,5545,5605,5.1,True
v01_151,23,5606,7200,5.1,True
v02_151,23,7200,8364,5.1,True
v02_151,30,8365,10800,5.1,True
v03_151,30,10800,14400,5.1,True
v04_151,30,14400,18000,5.1,True
v05_151,30,18000,21600,5.1,True
v06_151,30,21600,25200,5.1,True
v07_151,30,25200,28800,5.1,True
v08_151,30,28800,32400,5.1,True
v09_151,30,32400,36000,5.1,True
v10_151,30,36000,39600,5.1,True
v11_151,30,39600,43200,5.1,True
v12_151,30,43200,46800,5.1,True
v13_151,30,46800,50400,5.1,True
v14_151,30,50400,54000,5.1,True
v15_151,30,54000,57600,5.1,True
v16_151,30,57600,59989,5.1,True
v16_151,51,59990,61200,5.1,True
v17_151,51,61200,64352,5.1,True
v17_151,64,64353,64667,5.1,True
v17_151,64,64668,64800,5.1,True
v18_151,64,64800,67513,5.1,True
v18_151,43,67514,68400,5.1,True
v19_151,43,68400,72000,5.1,True
v20_151,43,72000,75600,5.1,True
v21_151,43,75600,79200,5.1,True
v22_151,43,79200,82800,5.1,True
v23_151,43,82800,83652,5.1,True
v08_152,45,29540,32400,16.6,True
v09_152,45,32400,33727,16.6,True
v09_152,56,33728,36000,16.6,True
v10_152,56,36000,37334,16.6,True
v10_152,66,37335,39600,16.6,True
v11_152,66,39600,43200,16.6,True
v12_152,66,43200,46800,16.6,True
v13_152,66,46800,46965,16.6,True
v13_152,44,46966,48393,16.6,True
v00_153,54,2338,3285,6.4,True
v00_153,56,3286,3600,6.4,True
v01_153,56,3600,5598,6.4,True
v01_153,66,5599,5866,6.4,True
v01_153,76,5867,7200,6.4,True
v02_153,76,7200,10800,6.4,True
v03_153,76,10800,14400,6.4,True
v04_153,76,14400,18000,6.4,True
v05_153,76,18000,21600,6.4,True
v06_153,76,21600,25200,6.4,True
v07_153,76,25200,28800,6.4,True
v08_153,76,28800,32400,6.4,True
v09_153,76,32400,36000,6.4,True
v10_153,76,36000,39600,6.4,True
v11_153,76,39600,43200,6.4,True
v12_153,76,43200,46800,6.4,True
v13_153,76,46800,50400,6.4,True
v14_153,76,50400,54000,6.4,True
v15_153,76,54000,57600,6.4,True
v16_153,76,57600,60789,6.4,True
v16_153,76,60790,60923,6.4,True
v16_153,76,60924,61200,6.4,True
v17_153,76,61200,64298,6.4,True
v17_153,54,64299,64800,6.4,True
v18_153,54,64800,66115,6.4,True
v18_153,43,66116,68400,6.4,True
v19_153,43,68400,70251,6.4,True
v19_153,54,70252,72000,6.4,True
v20_153,54,72000,75600,6.4,True
v21_153,54,75600,79200,6.4,True
v22_153,54,79200,82800,6.4,True
v23_153,54,82800,85267,6.4,True
v23_153,47,85268,86197,6.4,True
v14_154,54,51216,54000,18.2,True
v15_154,54,54000,57600,18.2,True
v16_154,54,57600,61200,18.2,True
v17_154,54,61200,63704,18.2,True
v17_154,23,63705,64184,18.2,True
v17_154,24,64185,64800,18.2,True
v18_154,24,64800,68265,18.2,True
v18_154,24,68266,68400,18.2,True
v19_154,24,68400,72000,18.2,True
v20_154,24,72000,75600,18.2,True
v21_154,24,75600,79200,18.2,True
v22_154,24,79200,80704,18.2,True
v22_154,20,80705,80821,18.2,True
v22_154,30,80822,81109,18.2,True
v22_154,60,81110,81713,18.2,True
v00_155,43,2996,3600,5.4,False
v01_155,43,3600,3705,5.4,False
v01_155,34,3706,7200,5.4,False
v02_155,34,7200,10800,5.4,False
v03_155,34,10800,14400,5.4,False
v04_155,34,14400,18000,5.4,False
v05_155,34,18000,21600,5.4,False
v06_155,34,21600,25200,5.4,False
v07_155,34,25200,28800,5.4,False
v08_155,34,28800,32400,5.4,False
v09_155,34,32400,36000,5.4,False
v10_155,34,36000,39600,5.4,False
v11_155,34,39600,43200,5.4,False
v12_155,34,43200,46800,5.4,False
v13_155,34,46800,50400,5.4,False
v14_155,34,50400,54000,5.4,False
v15_155,34,54000,57600,5.4,False
v16_155,34,57600,61200,5.4,False
v17_155,34,61200,63203,5.4,False
v17_155,60,63204,64800,5.4,False
v18_155,60,64800,65117,5.4,False
v18_155,52,65118,68400,5.4,False
v19_155,52,68400,69484,5.4,False
v19_155,65,69485,71921,5.4,False
v19_155,10,71922,72000,5.4,False
v20_155,10,72000,75600,5.4,False
v21_155,10,75600,79200,5.4,False
v22_155,10,79200,79803,5.4,False
v22_155,54,79804,82800,5.4,False
v23_155,54,82800,82841,5.4,False
